relative_path,source_path,category,description,bytes,sha256
checksums_sha256.txt,generated,documentation,SHA256 checksums for package files,72562,
docs/chapter2_framework_notes.md,package,documentation,updated package file,1828,574e76339f5ca0da95c3e9253ba7b73705aee4d077d0ed77f1f8429f8237b14e
docs/DDSC_paper_outline_revised.md,package,documentation,updated package file,26431,94ecc409379f994767a9ec68c82321c4556ad395383d8fc046ff81c4e2a6c707
docs/DDSC_paper_outline_v11.md,package,documentation,updated package file,56365,d8c4fdf04c0f6186ba734c94731c661cbe7d312d6c3fc05dc4a3f2c3c0ebaf80
docs/DDSC_paper_outline_v13.md,package,documentation,updated package file,56968,d9b86ef2ab7df8610a2b0c52d162308163a7bb73c9bfc2ffc72e2c71a5367859
docs/DDSC_paper_outline_v3.md,package,documentation,updated package file,38871,2b48dae2421ef9e148416d8768ebac696c4f39517b52752922cd80efbfeb296b
docs/DDSC_paper_outline_v5.md,package,documentation,updated package file,49527,8efdb5e54456e0c8c13ce5745e7bf3cd78c89c1c4cf1d003053a0ce4d323680d
docs/DDSC_paper_outline_v7.md,package,documentation,updated package file,49858,4b55891b54a49b40834d2f908c6e058d09efcbdd14f704728172662aa7d206b5
docs/DDSC_paper_outline_v9.md,package,documentation,updated package file,54208,ec00d60e15b38f432bbb07164904c7e1af44a587709d82751a8f36ebaccb9ea1
docs/DDSC_Section1_Introduction_v1.md,package,documentation,updated package file,13713,69eef58057d21ca3fddd967f21719223b7defb21a5bf6afe0dc922729c591538
docs/DDSC_Section2_Methodology_v1.md,package,documentation,updated package file,22364,fd21d63ed2202d8f62142ef602bde8ac17af3f82652929214aec36189186e582
EXCLUDED_FILES.md,package,documentation,updated package file,755,e98f9652db1bdf5bfa501f2afce7ec224fe4bfba6b3481864ad2b027877edeea
inputs/evidence/reviewed_public_evidence/public_evidence_records_with_review_promotions.csv,package,documentation,updated package file,13715,961dbbb99d15f3af7f5428438c906572a5559458d5eac67500785cb590da9378
inputs/evidence/reviewed_public_evidence/review_promoted_public_evidence_records.csv,package,documentation,updated package file,1160,c660b1de6363ead672cbd78833574dbc885345e546a9bc9bf58991d583d5cfc7
inputs/evidence/reviewed_public_evidence/review_public_evidence_rejected.csv,package,documentation,updated package file,520,43e741fd82b4bba9bb28ec914c88bcf7d9e6cf22b5cafefd3da49b81f428d927
inputs/evidence/reviewed_public_evidence/reviewed_public_evidence_promotion_report.md,package,documentation,updated package file,604,fdb2a149b095bbd33325e5eedda5545a4d786d7dfdb054f42ca11d84c9e710fc
inputs/evidence/sentinel1_ddsc_support/gee_export_task_checklist.csv,package,documentation,updated package file,1610,c95cd13c97bd4830162b13d19f03f74069abef214b8fc7463eef960a4dd0b6f8
inputs/evidence/sentinel1_ddsc_support/gee_export_task_checklist.md,package,documentation,updated package file,1425,bf64dc73cff023cebb6e6f7be8c5c3c7314ce0ecdb71e02e40f4f7adb0d4a335
inputs/evidence/sentinel1_ddsc_support/gee_sentinel1_script_consistency_check.csv,package,documentation,updated package file,1911,ca32b968d50fcb971495b872125ef2b55fa96f01e40f32d97c8a73a49c06d61c
inputs/evidence/sentinel1_ddsc_support/gee_sentinel1_script_consistency_check.md,package,documentation,updated package file,2491,da58c9bd042eebe8fbc75f6430ca722fbec805029c031834f183279723b06553
inputs/evidence/sentinel1_ddsc_support/sentinel1_ddsc_import_report.md,package,documentation,updated package file,985,307a83341fb9d6d87cb4228258ad81cacd0fe460fe146b481c0863060884636e
inputs/evidence/sentinel1_ddsc_support/sentinel1_ddsc_support_by_grid.csv,package,documentation,updated package file,360824,dcf42d230cceea7f610b49b34aa1e8c4ae148abdb3ff6bc480a135c986290c1e
inputs/evidence/sentinel1_ddsc_support/sentinel1_ddsc_support_summary.csv,package,documentation,updated package file,502,057f9dee483c394d380d5caf36f285698c664cddea48e1efb2954d707b172ce1
inputs/evidence/sentinel1_ddsc_support/sentinel1_expected_exports.csv,package,documentation,updated package file,1014,385ec0b44b637d46578bcca3d7421f4eae16e091b1ec98d75c02c31f30ee1a78
inputs/evidence/sentinel1_ddsc_support/sentinel1_export_readiness_check.csv,package,documentation,updated package file,1135,ff5c0b5d0325b3110dd22d60f1a7fe8e5b070ad0f730e25bb37b28ca168bd378
inputs/evidence/sentinel1_ddsc_support/sentinel1_export_readiness_check.md,package,documentation,updated package file,1705,91c26a4595c8086569580d41a4e4e088922b8575f06e56a632735c0f74c27bac
inputs/evidence/sentinel1_ddsc_support/sentinel1_gee_handoff_manifest.csv,package,documentation,updated package file,1934,15fcdb7446c78a45eafcab51864b69a701c7a5987d1b19a0d5472e3e6801a33c
inputs/evidence/sentinel1_ddsc_support/sentinel1_gee_handoff_manifest.md,package,documentation,updated package file,2034,22f738b7a871e8040d4678b51977a9b5d2e737161bf10d20fe8386786dcc5f8e
inputs/evidence/sentinel1_ddsc_support/sentinel1_import_qc.csv,package,documentation,updated package file,1345,17f65af27ba697b228f8ba4357e049b911ab56681f65e21c3e597a207662018f
inputs/evidence/sentinel1_ddsc_support/sentinel1_import_qc.md,package,documentation,updated package file,1204,6cd56ba9506475d7cd02544c76faf5ab5d20dd2d93fa6d1dd870e52372d9bcf2
inputs/evidence/xiaozhai/public_evidence_inventory/public_evidence_event_matrix.csv,package,documentation,updated package file,2473,605eb4c0b8ec5cccbc9962bab51ce6e863dabc101316695456d079e905836d5c
inputs/evidence/xiaozhai/public_evidence_inventory/public_evidence_event_matrix_augmented_2023.csv,package,documentation,updated package file,2484,03799c09b7284065cc66da6fc920fdcc9b98ac72497ffdb1901765d61b74334a
inputs/evidence/xiaozhai/public_evidence_inventory/public_evidence_matrix_report.md,package,documentation,updated package file,1733,57c30d5b394a7682700fc89f4008fe150d18f4f906e00d0628c4973feab284f2
inputs/evidence/xiaozhai/public_evidence_inventory/public_evidence_records.csv,package,documentation,updated package file,12834,654bb8ca74d164c82f56737d40617e80cef64f02232b557aa109c06396f5ca7c
inputs/evidence/xiaozhai/public_evidence_inventory/public_evidence_records_augmented_2023.csv,package,documentation,updated package file,13507,32b88617e916de1667df1009a47c1ca1d37b92f2ed00aa90e1a738e1bbe1d71a
inputs/evidence/xiaozhai/public_evidence_inventory/public_validation_candidate_geocoding_report.md,package,documentation,updated package file,1297,4a1d483ddba959da7c01805c49e0047acc10b852b57c75e801bf1e81eb56fc82
inputs/evidence/xiaozhai/public_evidence_inventory/public_validation_candidates_2022_2023.csv,package,documentation,updated package file,3270,5a3debcc2e00f132bc3dcc8c0daeee35983bf1543f9e098e140be70cceeb5c28
inputs/evidence/xiaozhai/public_evidence_inventory/public_validation_candidates_geocoded.csv,package,documentation,updated package file,4043,0d7777c0592d24e98721cd279f490e9e9a8cfb88be5e7a4b9d1ff5c8dcd73b59
inputs/evidence/xiaozhai/public_evidence_inventory/public_validation_upgrade_report.md,package,documentation,updated package file,1858,71ed6c3924484bcf647f64b5a375e43d98b93b05100aadaf33dfedf2eb9675a0
inputs/evidence/xiaozhai/public_evidence_inventory/sentinel1_temporal_matching.csv,package,documentation,updated package file,1081,d3055651209323ea019582ca4e6853bc7f55fcc8b2b633ece70a52fd52ba13e1
inputs/evidence/xiaozhai/public_evidence_inventory/vgi_positional_uncertainty_rules.csv,package,documentation,updated package file,504,02a4ecda17fd01c9d681fc8a2e416bf6637ce2572d1353f787167bfb055a6a79
inputs/evidence/zhengzhou_jinshui/candidate_screening/candidate_areas.geojson,package,documentation,updated package file,5002,daaae35ac5b62664c13999f62bd3a256474905e66d80c54807ec0ec64c911ec9
inputs/evidence/zhengzhou_jinshui/candidate_screening/fig_zhengzhou720_candidate_screening.png,package,documentation,updated package file,83535,7e46fc922dc98ea29b239e4264bfcbce2c260747dcae7f1ebda9b25a97c8647d
inputs/evidence/zhengzhou_jinshui/candidate_screening/screening_sources.json,package,documentation,updated package file,795,353b5866aec7ca565538784f4eeda9822ba6c25b87409844613dd242db4c570b
inputs/evidence/zhengzhou_jinshui/candidate_screening/zhengzhou720_candidate_area_scores.csv,package,documentation,updated package file,1492,8dffc771f4849c98b760b4aa485f5a369a2088f536185b226d0175c87bd8c909
inputs/evidence/zhengzhou_jinshui/candidate_screening/zhengzhou720_candidate_screening_report.md,package,documentation,updated package file,5395,bb2d40f0d8c123e594c3dbf51bcbe0373237b35a5f4b18ea9f791d6bf0c52519
inputs/evidence/zhengzhou_jinshui/candidate_screening/zhengzhou720_public_evidence_seed_inventory.csv,package,documentation,updated package file,2628,9e028994be9939d828f4d38ccad3e930348249759f1728619c98c168528375f3
inputs/evidence/zhengzhou_jinshui/public_evidence_inventory/visual_review/zhengzhou720_candidate_visual_review_checklist.csv,package,documentation,updated package file,3105,ce2b4fb942b1c7ac0a277fe00c8b611510feac55c17060d9b3d36328684f4e85
inputs/evidence/zhengzhou_jinshui/public_evidence_inventory/visual_review/zhengzhou720_candidate_visual_review_report.md,package,documentation,updated package file,1195,a7802b409c6b6321e0ea5320c9cdd8122d142456278d30c5169a62b82ac988d4
inputs/evidence/zhengzhou_jinshui/public_evidence_inventory/zhengzhou720_dahe_waterlogging_candidate_points.csv,package,documentation,updated package file,10715,665adf74d9c5af8a6d984fe66cbef6d3803a5a424cad6a9fedc102580795ac7e
inputs/evidence/zhengzhou_jinshui/public_evidence_inventory/zhengzhou720_ddsc_candidate_import_template.csv,package,documentation,updated package file,9901,8fd88ff8ed997dfeecc9e1f27ad757d3c23a2586e06fc53149572770e83ee7b0
inputs/evidence/zhengzhou_jinshui/public_evidence_inventory/zhengzhou720_evidence_extraction_template.csv,package,documentation,updated package file,195,f8ed895debee7269b07928f008b80de5928e618d2f78615dfde98a60c3bef8b8
inputs/evidence/zhengzhou_jinshui/public_evidence_inventory/zhengzhou720_evidence_promotion_protocol.csv,package,documentation,updated package file,1392,aa7786b9ecd47101f0e1e748ec62663a146d0b02e5ec9d8f7229b68782f94949
inputs/evidence/zhengzhou_jinshui/public_evidence_inventory/zhengzhou720_public_evidence_candidate_report.md,package,documentation,updated package file,1544,51714944adaca8d0ab0bb7cfcda1131471785a2dbad635ece809c34017bf92a7
inputs/evidence/zhengzhou_jinshui/public_evidence_inventory/zhengzhou720_public_evidence_seed_inventory.csv,package,documentation,updated package file,2625,99b7134d279439bdf8db7793eff266bb87799ef00244b91ab5fba3e278ce25bd
inputs/model_configs/xiaozhai/control_model_comparison/M0_R30.yaml,package,documentation,updated package file,3145,720a95cb817567d68c067c099e6dd33a4f66462d80e456879c83640d86b7e802
inputs/model_configs/xiaozhai/control_model_comparison/M1_R30.yaml,package,documentation,updated package file,3136,22ea6b6e6f15f0a06030a4a01b446db16ecb9ec55a843ee17213f17bbb4edb26
inputs/model_configs/xiaozhai/control_model_comparison/M2_R30.yaml,package,documentation,updated package file,102117,04f503caf9c2f3239d06117d64abd23750d32b05d918bcd7fb0c038cf8991672
inputs/model_configs/xiaozhai/control_model_comparison/M3_R30.yaml,package,documentation,updated package file,102072,b35dd0263e91c32d4a7cb919e01cf3a0b776193a96691f329bb130c5227a6379
inputs/model_configs/xiaozhai/revision_capacity_control/M2_cap0p0035_config.yaml,package,documentation,updated package file,102157,c64de04dff6812ecbe44e5fc1293626994e6f9a80e380415d5be8b61b6ba8a16
inputs/model_configs/xiaozhai/revision_capacity_control/M3_outfall50m_oc5_xc0p2_cap0p02_config.yaml,package,documentation,updated package file,102229,97af726c8ee3c2727891164b6c3603e9e27e40aaa7413c2faedff6b1ea80866f
inputs/model_configs/zhengzhou_jinshui/event_replay/M1_event_20210720_peak3h_smoke.yaml,package,documentation,updated package file,3457,40446512baf10d7df95f267c909b533a8daa286c424c9360c801f39130740c23
inputs/model_configs/zhengzhou_jinshui/event_replay/M2_event_20210720_peak3h_smoke.yaml,package,documentation,updated package file,189988,5a2e1a52452de1c1aaac8a74edf476b915a10244cfe5dedd6747f7ae649fbaac
inputs/model_configs/zhengzhou_jinshui/event_replay/M3_event_20210720_peak3h_smoke.yaml,package,documentation,updated package file,189893,c65439577408b37a1488f6915e7c1d9d6d21bd9a7caeef31d54ec43e39e0db9f
inputs/model_configs/zhengzhou_jinshui/revision_capacity_control/M2_cap0p0039_config.yaml,package,documentation,updated package file,189920,fbc4a724a0dabeb23d14763d5870812642e6256ba8ace840acc500050562b613
inputs/model_configs/zhengzhou_jinshui/revision_capacity_control/M3_outfall200m_oc5_xc0p2_cap0p02_config.yaml,package,documentation,updated package file,190013,c436371b38eca524bcc0fcd33eb79ef754901909dbda8a092d89461ef796fe56
inputs/model_inputs/xiaozhai/M0_R30_model/boundaries.csv,package,documentation,updated package file,209,e7b5fb408d6fca067e81a7383e0835545aa8fdbea2c1d3d995670c7c4a1e39a7
inputs/model_inputs/xiaozhai/M0_R30_model/control_model_input_prep.json,package,documentation,updated package file,596,dbc68c06b091bb0e09381f1dc0f8565994e4d85c912e223fe0a98e14f41bcc1a
inputs/model_inputs/xiaozhai/M0_R30_model/dem.csv,package,documentation,updated package file,5964800,eeff9f20e21c0c26acc34ee4585efc08cee78fee6e91db9e1d72a69982a90a67
inputs/model_inputs/xiaozhai/M0_R30_model/landcover_worldcover.npy,package,documentation,updated package file,1084544,5ef26ba387eaf8a7f909f1818a0f6b211d4cb2bcc3e4de0882c9f5fccdb712c4
inputs/model_inputs/xiaozhai/M0_R30_model/landuse.csv,package,documentation,updated package file,384,161ef1d85f9cd729b05b1ca4daa226e1169f718fbccbd0f70b585a2eb1a66ac9
inputs/model_inputs/xiaozhai/M0_R30_model/nodes.csv,package,documentation,updated package file,175,005a37becc9affd69b5faea99ebf9f8e1bbdc45948f138ef4f8c67da6875c7a8
inputs/model_inputs/xiaozhai/M0_R30_model/pipes.csv,package,documentation,updated package file,118,ad39d599c37724d4dfae2070050f9d1939cb28eed48f3bce2eb33650bf7e9b28
inputs/model_inputs/xiaozhai/M0_R30_model/spatial_meta.json,package,documentation,updated package file,431,3074498a5dc60492069a6f61833a9dbc736350c4fbaebefb77d41e5ee85900f8
inputs/model_inputs/xiaozhai/M0_R30_model/study_core_mask.npy,package,documentation,updated package file,542336,180861ee5605ce9a7d05195c680f5fc30b0c6cff91f592d21119f95d13e84831
inputs/model_inputs/xiaozhai/M1_R30_model/boundaries.csv,package,documentation,updated package file,209,e7b5fb408d6fca067e81a7383e0835545aa8fdbea2c1d3d995670c7c4a1e39a7
inputs/model_inputs/xiaozhai/M1_R30_model/building_mask.npy,package,documentation,updated package file,542336,68c7f8fe408f1f90e28b63ab622ec958f7d2ec3003ffc939dd4228b4039cd94d
inputs/model_inputs/xiaozhai/M1_R30_model/control_model_input_prep.json,package,documentation,updated package file,458,8d9e33f1bd1ef0275f22d9f6e8ca7319a6a679d89542a8e81212fc9ec03b0cac
inputs/model_inputs/xiaozhai/M1_R30_model/dem.csv,package,documentation,updated package file,5964800,abd942d5eb5489f449e091f7fd5ed2bc0b2ecfb71f509cc6a8caf411a587ef64
inputs/model_inputs/xiaozhai/M1_R30_model/landcover_worldcover.npy,package,documentation,updated package file,1084544,4f4fdc3b32fc7edd01f1de98ff2ac50e250ca4e9e58cd37967e3d232d1859ceb
inputs/model_inputs/xiaozhai/M1_R30_model/landuse.csv,package,documentation,updated package file,497,70fbecae8501ff3175e21d86071bae9ef99d8f86bf140eb9ffd5ffedf290f6d1
inputs/model_inputs/xiaozhai/M1_R30_model/nodes.csv,package,documentation,updated package file,175,005a37becc9affd69b5faea99ebf9f8e1bbdc45948f138ef4f8c67da6875c7a8
inputs/model_inputs/xiaozhai/M1_R30_model/pipes.csv,package,documentation,updated package file,118,ad39d599c37724d4dfae2070050f9d1939cb28eed48f3bce2eb33650bf7e9b28
inputs/model_inputs/xiaozhai/M1_R30_model/road_mask.npy,package,documentation,updated package file,542336,8ea4153c6ac8196a7ece72dcf119f7963859a66a2fbcf9dc9e2baf31bbbeb2d5
inputs/model_inputs/xiaozhai/M1_R30_model/spatial_meta.json,package,documentation,updated package file,390,70961bf27c635ec591627fdf989f40e548ec7f910019485d61f307e90738013b
inputs/model_inputs/xiaozhai/M1_R30_model/study_core_mask.npy,package,documentation,updated package file,542336,180861ee5605ce9a7d05195c680f5fc30b0c6cff91f592d21119f95d13e84831
inputs/model_inputs/xiaozhai/M2_R30_model/boundaries.csv,package,documentation,updated package file,209,e7b5fb408d6fca067e81a7383e0835545aa8fdbea2c1d3d995670c7c4a1e39a7
inputs/model_inputs/xiaozhai/M2_R30_model/building_mask.npy,package,documentation,updated package file,542336,68c7f8fe408f1f90e28b63ab622ec958f7d2ec3003ffc939dd4228b4039cd94d
inputs/model_inputs/xiaozhai/M2_R30_model/control_model_input_prep.json,package,documentation,updated package file,385,9520fe8ffedd5896ac03dc9fae8fea276cdfcbf9ccd68f8f9daadb5eb6fc7b82
inputs/model_inputs/xiaozhai/M2_R30_model/dem.csv,package,documentation,updated package file,5964800,abd942d5eb5489f449e091f7fd5ed2bc0b2ecfb71f509cc6a8caf411a587ef64
inputs/model_inputs/xiaozhai/M2_R30_model/inlet_adapter_map.csv,package,documentation,updated package file,198042,a3cb8e1b2e3df2ddbbb1defcf4071796a268b63801def6c800744b4ea37de575
inputs/model_inputs/xiaozhai/M2_R30_model/landcover_worldcover.npy,package,documentation,updated package file,1084544,4f4fdc3b32fc7edd01f1de98ff2ac50e250ca4e9e58cd37967e3d232d1859ceb
inputs/model_inputs/xiaozhai/M2_R30_model/landuse.csv,package,documentation,updated package file,497,70fbecae8501ff3175e21d86071bae9ef99d8f86bf140eb9ffd5ffedf290f6d1
inputs/model_inputs/xiaozhai/M2_R30_model/nodes.csv,package,documentation,updated package file,120995,2fbd932ef267eccddea2e59abf04d097bfe9b7d023b3aa0562a6320e29d12b73
inputs/model_inputs/xiaozhai/M2_R30_model/pipes.csv,package,documentation,updated package file,118,ad39d599c37724d4dfae2070050f9d1939cb28eed48f3bce2eb33650bf7e9b28
inputs/model_inputs/xiaozhai/M2_R30_model/road_mask.npy,package,documentation,updated package file,542336,8ea4153c6ac8196a7ece72dcf119f7963859a66a2fbcf9dc9e2baf31bbbeb2d5
inputs/model_inputs/xiaozhai/M2_R30_model/spatial_meta.json,package,documentation,updated package file,390,70961bf27c635ec591627fdf989f40e548ec7f910019485d61f307e90738013b
inputs/model_inputs/xiaozhai/M2_R30_model/study_core_mask.npy,package,documentation,updated package file,542336,180861ee5605ce9a7d05195c680f5fc30b0c6cff91f592d21119f95d13e84831
inputs/model_inputs/xiaozhai/M3_capacity_control_outfall_50m_model/boundaries.csv,package,documentation,updated package file,209,e7b5fb408d6fca067e81a7383e0835545aa8fdbea2c1d3d995670c7c4a1e39a7
inputs/model_inputs/xiaozhai/M3_capacity_control_outfall_50m_model/building_mask.npy,package,documentation,updated package file,542336,68c7f8fe408f1f90e28b63ab622ec958f7d2ec3003ffc939dd4228b4039cd94d
inputs/model_inputs/xiaozhai/M3_capacity_control_outfall_50m_model/dem.csv,package,documentation,updated package file,5964800,abd942d5eb5489f449e091f7fd5ed2bc0b2ecfb71f509cc6a8caf411a587ef64
inputs/model_inputs/xiaozhai/M3_capacity_control_outfall_50m_model/inlet_adapter_map.csv,package,documentation,updated package file,198002,225c89b7d1f4ec8cb21c57e48bbb634e03c1ed34e8e2c2996493f1d98aa06469
inputs/model_inputs/xiaozhai/M3_capacity_control_outfall_50m_model/inlet_adapter_report.json,package,documentation,updated package file,651,e3445854a10b09458e22b4b46b079ee34ee27103edd3a31d10966226e3f6a78e
inputs/model_inputs/xiaozhai/M3_capacity_control_outfall_50m_model/landcover_worldcover.npy,package,documentation,updated package file,1084544,4f4fdc3b32fc7edd01f1de98ff2ac50e250ca4e9e58cd37967e3d232d1859ceb
inputs/model_inputs/xiaozhai/M3_capacity_control_outfall_50m_model/landuse.csv,package,documentation,updated package file,497,70fbecae8501ff3175e21d86071bae9ef99d8f86bf140eb9ffd5ffedf290f6d1
inputs/model_inputs/xiaozhai/M3_capacity_control_outfall_50m_model/nodes.csv,package,documentation,updated package file,150299,747c38ae521e99d066799b7c5e0425c086911bb8e9d2bcd1b51766b7d3f068a5
inputs/model_inputs/xiaozhai/M3_capacity_control_outfall_50m_model/pipes.csv,package,documentation,updated package file,132695,03bb06338de82aba51a95f2e04cf5b3a846ca46a0255322da973453c8f38fd99
inputs/model_inputs/xiaozhai/M3_capacity_control_outfall_50m_model/revision_capacity_control_qc.json,package,documentation,updated package file,615,1a209d5f62a20154e09835c6e9b5133a8198ef61ed2f819b8892f31a96b0fd1c
inputs/model_inputs/xiaozhai/M3_capacity_control_outfall_50m_model/road_mask.npy,package,documentation,updated package file,542336,8ea4153c6ac8196a7ece72dcf119f7963859a66a2fbcf9dc9e2baf31bbbeb2d5
inputs/model_inputs/xiaozhai/M3_capacity_control_outfall_50m_model/same_case_input_prep.json,package,documentation,updated package file,630,911c13813344ed58efa1cfe6048ae34c3923d9c3ff0d0be4ff899727402af302
inputs/model_inputs/xiaozhai/M3_capacity_control_outfall_50m_model/spatial_meta.json,package,documentation,updated package file,390,70961bf27c635ec591627fdf989f40e548ec7f910019485d61f307e90738013b
inputs/model_inputs/xiaozhai/M3_capacity_control_outfall_50m_model/study_core_mask.npy,package,documentation,updated package file,542336,180861ee5605ce9a7d05195c680f5fc30b0c6cff91f592d21119f95d13e84831
inputs/model_inputs/zhengzhou_jinshui/M1_event_model/boundaries.csv,package,documentation,updated package file,207,dd4d792cb485c2133294a99a2d12dfb4aa8c0d9c7e2dc7c548251d56feda4453
inputs/model_inputs/zhengzhou_jinshui/M1_event_model/building_mask.npy,package,documentation,updated package file,858348,ecb6423ea63e90e80c12469226f23834a449a7f0f014fee850b8d45e9ccee383
inputs/model_inputs/zhengzhou_jinshui/M1_event_model/control_model_input_prep.json,package,documentation,updated package file,470,be54377f9a79c040d90f2e0cbc6972a2b556d8f648a0802ab79ec007dc3723c2
inputs/model_inputs/zhengzhou_jinshui/M1_event_model/dem.csv,package,documentation,updated package file,8754157,614fe5093b83dcd878812eb426f23b0d19d962787f364d9825e72d94da91b35f
inputs/model_inputs/zhengzhou_jinshui/M1_event_model/landcover_worldcover.npy,package,documentation,updated package file,1716568,b5a8f3dc7ba75a4215d2467a53be7a9f29e8b48b518f065b0f9edc5f3fb916cb
inputs/model_inputs/zhengzhou_jinshui/M1_event_model/landuse.csv,package,documentation,updated package file,253,2c536825ce01f712da283ab65b618569f6c5acea2d67e00c919ba75645e556c1
inputs/model_inputs/zhengzhou_jinshui/M1_event_model/nodes.csv,package,documentation,updated package file,175,005a37becc9affd69b5faea99ebf9f8e1bbdc45948f138ef4f8c67da6875c7a8
inputs/model_inputs/zhengzhou_jinshui/M1_event_model/pipes.csv,package,documentation,updated package file,118,ad39d599c37724d4dfae2070050f9d1939cb28eed48f3bce2eb33650bf7e9b28
inputs/model_inputs/zhengzhou_jinshui/M1_event_model/road_mask.npy,package,documentation,updated package file,858348,dcaea1b4df914c8b1832802922f2532a3b9a40eb14dda9d6c9744112f0db3f2e
inputs/model_inputs/zhengzhou_jinshui/M1_event_model/spatial_meta.json,package,documentation,updated package file,389,85f538ce1dd3b22aabd4659c1706c7209722ef9547c08f9cdbb2ae7a11e566aa
inputs/model_inputs/zhengzhou_jinshui/M1_event_model/study_core_mask.npy,package,documentation,updated package file,858348,2eaf1c679956f01001d42e03fa0799dab6f41d73a64850006b5c1405c8e9bf95
inputs/model_inputs/zhengzhou_jinshui/M2_event_model/boundaries.csv,package,documentation,updated package file,207,dd4d792cb485c2133294a99a2d12dfb4aa8c0d9c7e2dc7c548251d56feda4453
inputs/model_inputs/zhengzhou_jinshui/M2_event_model/building_mask.npy,package,documentation,updated package file,858348,ecb6423ea63e90e80c12469226f23834a449a7f0f014fee850b8d45e9ccee383
inputs/model_inputs/zhengzhou_jinshui/M2_event_model/control_model_input_prep.json,package,documentation,updated package file,385,012740201d541615b3567b6802788086821c0a2d9039c7f05e14fa47ee3f6a86
inputs/model_inputs/zhengzhou_jinshui/M2_event_model/dem.csv,package,documentation,updated package file,8754157,614fe5093b83dcd878812eb426f23b0d19d962787f364d9825e72d94da91b35f
inputs/model_inputs/zhengzhou_jinshui/M2_event_model/inlet_adapter_map.csv,package,documentation,updated package file,365973,f86f70acfbe522a36e40d8a444f4cbecf2eab20538849a3db0e6096d22339cf8
inputs/model_inputs/zhengzhou_jinshui/M2_event_model/landcover_worldcover.npy,package,documentation,updated package file,1716568,b5a8f3dc7ba75a4215d2467a53be7a9f29e8b48b518f065b0f9edc5f3fb916cb
inputs/model_inputs/zhengzhou_jinshui/M2_event_model/landuse.csv,package,documentation,updated package file,253,2c536825ce01f712da283ab65b618569f6c5acea2d67e00c919ba75645e556c1
inputs/model_inputs/zhengzhou_jinshui/M2_event_model/nodes.csv,package,documentation,updated package file,220660,4b01eb44afb883cc476c5263aeb61d3271d1abfcc0f3e33e2a5b28ffec66e2d8
inputs/model_inputs/zhengzhou_jinshui/M2_event_model/pipes.csv,package,documentation,updated package file,118,ad39d599c37724d4dfae2070050f9d1939cb28eed48f3bce2eb33650bf7e9b28
inputs/model_inputs/zhengzhou_jinshui/M2_event_model/road_mask.npy,package,documentation,updated package file,858348,dcaea1b4df914c8b1832802922f2532a3b9a40eb14dda9d6c9744112f0db3f2e
inputs/model_inputs/zhengzhou_jinshui/M2_event_model/spatial_meta.json,package,documentation,updated package file,389,85f538ce1dd3b22aabd4659c1706c7209722ef9547c08f9cdbb2ae7a11e566aa
inputs/model_inputs/zhengzhou_jinshui/M2_event_model/study_core_mask.npy,package,documentation,updated package file,858348,2eaf1c679956f01001d42e03fa0799dab6f41d73a64850006b5c1405c8e9bf95
inputs/model_inputs/zhengzhou_jinshui/M3_capacity_control_outfall_200m_model/boundaries.csv,package,documentation,updated package file,207,dd4d792cb485c2133294a99a2d12dfb4aa8c0d9c7e2dc7c548251d56feda4453
inputs/model_inputs/zhengzhou_jinshui/M3_capacity_control_outfall_200m_model/building_mask.npy,package,documentation,updated package file,858348,ecb6423ea63e90e80c12469226f23834a449a7f0f014fee850b8d45e9ccee383
inputs/model_inputs/zhengzhou_jinshui/M3_capacity_control_outfall_200m_model/dem.csv,package,documentation,updated package file,8754157,614fe5093b83dcd878812eb426f23b0d19d962787f364d9825e72d94da91b35f
inputs/model_inputs/zhengzhou_jinshui/M3_capacity_control_outfall_200m_model/inlet_adapter_map.csv,package,documentation,updated package file,365822,9f17eaa62b0ac02baa44f09ca67d71d789011ceb6acdcccd92168b7c99e31396
inputs/model_inputs/zhengzhou_jinshui/M3_capacity_control_outfall_200m_model/inlet_adapter_report.json,package,documentation,updated package file,652,d5cd254a4b9313a468db0628a8b4739889a58b2efa41c467d3660a97b01e0ffe
inputs/model_inputs/zhengzhou_jinshui/M3_capacity_control_outfall_200m_model/landcover_worldcover.npy,package,documentation,updated package file,1716568,b5a8f3dc7ba75a4215d2467a53be7a9f29e8b48b518f065b0f9edc5f3fb916cb
inputs/model_inputs/zhengzhou_jinshui/M3_capacity_control_outfall_200m_model/landuse.csv,package,documentation,updated package file,253,2c536825ce01f712da283ab65b618569f6c5acea2d67e00c919ba75645e556c1
inputs/model_inputs/zhengzhou_jinshui/M3_capacity_control_outfall_200m_model/nodes.csv,package,documentation,updated package file,269079,69aefac8663ebe1e419c367e1f8bb6ffbdf79c8b030527a9434c49ed4cac905b
inputs/model_inputs/zhengzhou_jinshui/M3_capacity_control_outfall_200m_model/pipes.csv,package,documentation,updated package file,250320,1774c4197cbf28bf81fb9782583e453b6a82b0c13301beec509f1b47c106ff59
inputs/model_inputs/zhengzhou_jinshui/M3_capacity_control_outfall_200m_model/revision_capacity_control_qc.json,package,documentation,updated package file,617,cae1b8ab1d809b1da744675948824d61bcd5602096fc08e8c338ac7ce970bb49
inputs/model_inputs/zhengzhou_jinshui/M3_capacity_control_outfall_200m_model/road_mask.npy,package,documentation,updated package file,858348,dcaea1b4df914c8b1832802922f2532a3b9a40eb14dda9d6c9744112f0db3f2e
inputs/model_inputs/zhengzhou_jinshui/M3_capacity_control_outfall_200m_model/same_case_input_prep.json,package,documentation,updated package file,656,3f213a14786fc6bc7e0626fca6bcd42fc6c206f5acd1663d8e432149f3a32f5e
inputs/model_inputs/zhengzhou_jinshui/M3_capacity_control_outfall_200m_model/spatial_meta.json,package,documentation,updated package file,389,85f538ce1dd3b22aabd4659c1706c7209722ef9547c08f9cdbb2ae7a11e566aa
inputs/model_inputs/zhengzhou_jinshui/M3_capacity_control_outfall_200m_model/study_core_mask.npy,package,documentation,updated package file,858348,2eaf1c679956f01001d42e03fa0799dab6f41d73a64850006b5c1405c8e9bf95
inputs/processed_hydraulic_surfaces/xiaozhai/landuse_parameter_table.csv,package,documentation,updated package file,486,1b43498f3959a7e0e7e505cc216335c26bbee6409687446ac653a5307f547f63
inputs/processed_hydraulic_surfaces/xiaozhai/urban_hydraulic_surface/base_dem_5m.tif,package,documentation,updated package file,1084143,ce689e28abeb23741893e1a34b46dfdb8f17459322bfd1a52838e5085963ab82
inputs/processed_hydraulic_surfaces/xiaozhai/urban_hydraulic_surface/building_effective_mask_5m.tif,package,documentation,updated package file,28709,f212f4c14a193d3fc9dfab00607ff855b62ac4150d875bb9cd416cd723095625
inputs/processed_hydraulic_surfaces/xiaozhai/urban_hydraulic_surface/building_mask_5m.tif,package,documentation,updated package file,28955,3e60ae8f2569b65e7cf361ea94aca54f7658d265d36f34d0a18cd1a8b1378354
inputs/processed_hydraulic_surfaces/xiaozhai/urban_hydraulic_surface/core_mask_5m.tif,package,documentation,updated package file,3172,0f3974deb8ac20f9f1b97f6d79acb1ad5abbb2d702bdfdcaef0986f7fa4ce684
inputs/processed_hydraulic_surfaces/xiaozhai/urban_hydraulic_surface/depression_storage_5m.tif,package,documentation,updated package file,63098,ce06bf78f1e66160777890729015283c0962f0864a0d2b6e6c8c553c579b5c3e
inputs/processed_hydraulic_surfaces/xiaozhai/urban_hydraulic_surface/infiltration_5m.tif,package,documentation,updated package file,63388,423d399406104152962d6bba1d8842ff6fcce1f5ee063c2f8725b1facaabc5b7
inputs/processed_hydraulic_surfaces/xiaozhai/urban_hydraulic_surface/landuse_class_5m.tif,package,documentation,updated package file,50078,6993e7e8746bd39501c2e222062dee31c3d625f5fd4296f31318dd8429e70b18
inputs/processed_hydraulic_surfaces/xiaozhai/urban_hydraulic_surface/lid_feasible_mask_5m.tif,package,documentation,updated package file,11731,ceb497b952e2ae095ddb251da28cd5e0335baf63bed1510e53f611ef436c61fd
inputs/processed_hydraulic_surfaces/xiaozhai/urban_hydraulic_surface/manning_n_5m.tif,package,documentation,updated package file,60678,f921e80277245f4a622c4eae68b5c72c94eaf2f87b16c217daa709741d47151d
inputs/processed_hydraulic_surfaces/xiaozhai/urban_hydraulic_surface/road_depression_depth_5m.tif,package,documentation,updated package file,28072,74667ad95692f43e5cde168ce383157f5716eb29a5dd08925190a39344f6d8f1
inputs/processed_hydraulic_surfaces/xiaozhai/urban_hydraulic_surface/road_mask_5m.tif,package,documentation,updated package file,14334,20e60ed62a5204d50b4597cd1c3c656313ef61e94dd30add241de753047924f3
inputs/processed_hydraulic_surfaces/xiaozhai/urban_hydraulic_surface/routing_dem_5m.tif,package,documentation,updated package file,1113831,1edb8dd1d53c5870c786b00d0a8c3cd1eb189ad1d6e60e13c22b9e784d211f2e
inputs/processed_hydraulic_surfaces/xiaozhai/urban_hydraulic_surface/uhsm_build_report.md,package,documentation,updated package file,1327,51051a445f5606f8a97b965da8976e8d69db40f7d2c3871986ffbd43e3edc131
inputs/processed_hydraulic_surfaces/xiaozhai/urban_hydraulic_surface/uhsm_elevation_5m.tif,package,documentation,updated package file,1110329,c00b9f01ce00567bfae8444af1218631ec8ec81556fd72b616a9683326107c4e
inputs/processed_hydraulic_surfaces/xiaozhai/urban_hydraulic_surface/uhsm_qc_report.json,package,documentation,updated package file,8854,ca63a38a49284771e240e895cd74e8babe3956271b79dcbfd3010da71a7022c1
inputs/processed_hydraulic_surfaces/zhengzhou_jinshui/landuse_parameter_table.csv,package,documentation,updated package file,486,1b43498f3959a7e0e7e505cc216335c26bbee6409687446ac653a5307f547f63
inputs/processed_hydraulic_surfaces/zhengzhou_jinshui/urban_hydraulic_surface/base_dem_5m.tif,package,documentation,updated package file,2487368,e528c1e3dbed66d8e21c1346aad2cac1bc1cd97c383e89e4d03bd70dde2c014e
inputs/processed_hydraulic_surfaces/zhengzhou_jinshui/urban_hydraulic_surface/building_effective_mask_5m.tif,package,documentation,updated package file,30199,ec98702b0f843690dd653ef39ecd360d880891160cc5131f16461349c41f2144
inputs/processed_hydraulic_surfaces/zhengzhou_jinshui/urban_hydraulic_surface/building_mask_5m.tif,package,documentation,updated package file,30258,d649980311d7d1ef2ecca83001152dc2b3c897fb62c5df269eb96c6a8e559579
inputs/processed_hydraulic_surfaces/zhengzhou_jinshui/urban_hydraulic_surface/core_mask_5m.tif,package,documentation,updated package file,3892,0a5feb425a4a5750b0b31f2c50bbdcd3231c102e953da1e87c8075ac9390e872
inputs/processed_hydraulic_surfaces/zhengzhou_jinshui/urban_hydraulic_surface/depression_storage_5m.tif,package,documentation,updated package file,86377,4dbc8c32f13989d3565aa3c57f3593e2f097bd25e636a0f9409bcc896b6976ae
inputs/processed_hydraulic_surfaces/zhengzhou_jinshui/urban_hydraulic_surface/infiltration_5m.tif,package,documentation,updated package file,86638,0a7ef5421392a338e37ed6fa8d48c9b3b2e1aceb853dec66c5e13ccaeedf2619
inputs/processed_hydraulic_surfaces/zhengzhou_jinshui/urban_hydraulic_surface/landuse_class_5m.tif,package,documentation,updated package file,66294,32276b1ddda223349ee97d0bea17f3b4df257735aa58d1dca6e7b3ccfe5a81b7
inputs/processed_hydraulic_surfaces/zhengzhou_jinshui/urban_hydraulic_surface/lid_feasible_mask_5m.tif,package,documentation,updated package file,1868,6d84e5314c88e4ca34f818de462895de1de797b35483ec22b83c2326e04f8a04
inputs/processed_hydraulic_surfaces/zhengzhou_jinshui/urban_hydraulic_surface/manning_n_5m.tif,package,documentation,updated package file,83812,8da8c0be029beacd2917e03d33c1b5275cd7ab00e68e8ac389f19a0978b6895f
inputs/processed_hydraulic_surfaces/zhengzhou_jinshui/urban_hydraulic_surface/road_depression_depth_5m.tif,package,documentation,updated package file,57607,13e7b4bebf9cda5e183b8d1f04f15ded026e29e46cce4b5050559344aa844af4
inputs/processed_hydraulic_surfaces/zhengzhou_jinshui/urban_hydraulic_surface/road_mask_5m.tif,package,documentation,updated package file,33703,d6ea2feca337cab8d72fb5d84a77eb1e789fb2857ae9c08fd338e5d2e07f82a2
inputs/processed_hydraulic_surfaces/zhengzhou_jinshui/urban_hydraulic_surface/routing_dem_5m.tif,package,documentation,updated package file,2519094,dace3db97ac024ede530ea23eccef20d0bf46f86183e44e3fade3c2e5dbf1c70
inputs/processed_hydraulic_surfaces/zhengzhou_jinshui/urban_hydraulic_surface/uhsm_build_report.md,package,documentation,updated package file,1824,a61287072eb4fe67f8f43db99db3a6bfdf71ef3ce45cb41392559276c7eda373
inputs/processed_hydraulic_surfaces/zhengzhou_jinshui/urban_hydraulic_surface/uhsm_elevation_5m.tif,package,documentation,updated package file,2511440,4cf81e611b648d13b89269b777300107a4df0fdf88f3b6ee9e3c5f30cabc5368
inputs/processed_hydraulic_surfaces/zhengzhou_jinshui/urban_hydraulic_surface/uhsm_qc_report.json,package,documentation,updated package file,8915,ec1bdc6f2977bc2a7a8ecb6ec68d6e9ac938788dae5ad2a583d1fc076a3ea9ae
inputs/rainfall_inputs/xiaozhai/NOLID_R30_C0_NO_LID_rainfall.csv,package,documentation,updated package file,1119,8ef4007e5e8412185a5e4a7eb906c27b06d2ea342771344143cc2009f03d1cf1
inputs/rainfall_inputs/zhengzhou_jinshui/zhengzhou720_hourly_rainfall_model_input.csv,package,documentation,updated package file,1296,d0b4b3a09bd80d12f61cdcbe62262cf275b208bbd9a30b4e103fc2c44d722717
inputs/synthetic_networks/xiaozhai/coarse/boundaries.csv,package,documentation,updated package file,119,76ec3fcc3bcd2a94166c4bfeea13413de08d855fea0c487c2e0edd9fdbfea5ea
inputs/synthetic_networks/xiaozhai/coarse/inlets.csv,package,documentation,updated package file,142497,c3d9285de6205d4beae84936ea2c7438ce6d1a7203112f2132ce650ddfac2338
inputs/synthetic_networks/xiaozhai/coarse/network_layers.gpkg,package,documentation,updated package file,557056,fbc18d80d337b8f959eb9e7b470792da4698bf50e0fb5e7dd3331ec620e8c279
inputs/synthetic_networks/xiaozhai/coarse/network_qc_report.json,package,documentation,updated package file,1529,4642f1c3b3848afc010d6757f1b6c9f390016a558ba00f9f1490250745e0e924
inputs/synthetic_networks/xiaozhai/coarse/network_summary.md,package,documentation,updated package file,903,c601efe263874360a28770628001a56fb2076d3e0f8fb6485f7b60e07c8b2ddb
inputs/synthetic_networks/xiaozhai/coarse/node_service_area.csv,package,documentation,updated package file,9970,1693bc7dc20bb83fa9b17b2606912f755588be89a520aad1f2c0db6634768cfd
inputs/synthetic_networks/xiaozhai/coarse/nodes.csv,package,documentation,updated package file,13479,ea32d35db27d542eef7144154b5be165319acf667936ac5ef3cbabfbc6fb80cd
inputs/synthetic_networks/xiaozhai/coarse/pipes.csv,package,documentation,updated package file,22879,3970c1c33c58805dcf8b3fb5f8a77987739a155df7b0b743b41762cdab379230
inputs/synthetic_networks/xiaozhai/fine/boundaries.csv,package,documentation,updated package file,303,ba29a399a526ffb779f48fa8225048ae582996a70fa6b31e48903e5290ca4d7e
inputs/synthetic_networks/xiaozhai/fine/inlets.csv,package,documentation,updated package file,374746,f42c562f0f18546f8ba26e1d502cb3162124d1373d4dc6c710afd64b957282b7
inputs/synthetic_networks/xiaozhai/fine/network_layers.gpkg,package,documentation,updated package file,1519616,22ecd2bbccd40e2e5d2af02bba6e6ab118a992bd86cdd5f92e578a32bd60bf27
inputs/synthetic_networks/xiaozhai/fine/network_qc_report.json,package,documentation,updated package file,1650,c9193766f5e6c246099e70c92aed9e5e58309d7813b0b21125c2b566976006eb
inputs/synthetic_networks/xiaozhai/fine/network_summary.md,package,documentation,updated package file,906,91d2eec0899c79ea217c6dd001c80ab81d44f21ab80821f4e730d84a93be2f5c
inputs/synthetic_networks/xiaozhai/fine/node_service_area.csv,package,documentation,updated package file,49410,bdb18d491df45996b46cc594f739f876fd5457a77758c0fa9b274bae08902c3d
inputs/synthetic_networks/xiaozhai/fine/nodes.csv,package,documentation,updated package file,69376,7d137fa21bcd3da559a26ba613b217a5961641bf6e685561e29df2aa07218217
inputs/synthetic_networks/xiaozhai/fine/pipes.csv,package,documentation,updated package file,109621,a00a344abad8f0fbad60b350f6f2d40f5037784b7b57ef410248f7ae1ed8d151
inputs/synthetic_networks/xiaozhai/generalized_sewer_summary.json,package,documentation,updated package file,5985,ec2c54d5cc4db476308f472e0d346df19c7c219994f34ea42d588fde3f9a6faf
inputs/synthetic_networks/xiaozhai/medium/boundaries.csv,package,documentation,updated package file,209,e7b5fb408d6fca067e81a7383e0835545aa8fdbea2c1d3d995670c7c4a1e39a7
inputs/synthetic_networks/xiaozhai/medium/inlets.csv,package,documentation,updated package file,236190,ac784aeda5b9d393fd001153662b8eda8d5100c5e3975e64afcd5650f99e619c
inputs/synthetic_networks/xiaozhai/medium/network_layers.gpkg,package,documentation,updated package file,860160,bab36bb783fc0c98caf6b5a9e2e64d93774c94d7e660468aceb446d954bd95ed
inputs/synthetic_networks/xiaozhai/medium/network_qc_report.json,package,documentation,updated package file,1587,f9cad2f841f025240aee49344d5251a85708f61a9d72dcac4c88ee38149ff8e0
inputs/synthetic_networks/xiaozhai/medium/network_summary.md,package,documentation,updated package file,903,6a1b287fec9acbfe1b7a0fd0e27f595fc128109fa4c6effc001bab3635e2f7a3
inputs/synthetic_networks/xiaozhai/medium/node_service_area.csv,package,documentation,updated package file,20259,a0cb8a49cf1532e721d2245923a0b89e57328083106e41ecf1290ddcd22f7c9f
inputs/synthetic_networks/xiaozhai/medium/nodes.csv,package,documentation,updated package file,27588,024eca382fc56e9cf56b75e3ddae0bbca1f09a7fc93227b1d908de62987c8156
inputs/synthetic_networks/xiaozhai/medium/pipes.csv,package,documentation,updated package file,45438,7c2fa10a01aa21ca1e339cfe135f2531d51c9ad64e8e1d3141efd1c6b2669804
inputs/synthetic_networks/zhengzhou_jinshui/coarse/boundaries.csv,package,documentation,updated package file,115,b361af7b50cf2e96763a9e69f33b7061dcd62af20664505e72fabde93c347cd1
inputs/synthetic_networks/zhengzhou_jinshui/coarse/inlets.csv,package,documentation,updated package file,221297,52d24e4532ef37743daf2ee7f5162d0734f2da157973e454d02bab80e29a7836
inputs/synthetic_networks/zhengzhou_jinshui/coarse/network_layers.gpkg,package,documentation,updated package file,708608,020f570ed86971f38e49d3e5164a7e43a48b59dd461203634b23ab114ef42170
inputs/synthetic_networks/zhengzhou_jinshui/coarse/network_qc_report.json,package,documentation,updated package file,1531,30521fde5902ad4abc000cf3e03a2ebbcc3064dd25237b7096d0526e194a97b0
inputs/synthetic_networks/zhengzhou_jinshui/coarse/network_summary.md,package,documentation,updated package file,902,a4512a671cdc71cc246ebebc790877bd5440af6be0f4cc3f00617dced99e4652
inputs/synthetic_networks/zhengzhou_jinshui/coarse/node_service_area.csv,package,documentation,updated package file,15067,1b996b6683ce5dd6c49579da23ac5a0333d5b2f1e2b2abdc5c727a72f4a35694
inputs/synthetic_networks/zhengzhou_jinshui/coarse/nodes.csv,package,documentation,updated package file,19231,6547d55abec17b363d6a324a64f18536a4c4da1c1f951df4dcf7a8717e5d79ec
inputs/synthetic_networks/zhengzhou_jinshui/coarse/pipes.csv,package,documentation,updated package file,34888,b0af2e6286ed2725fc797022ca7a9d7bca9795a5ce6fdaee6b6e7da6a920f755
inputs/synthetic_networks/zhengzhou_jinshui/fine/boundaries.csv,package,documentation,updated package file,299,e9bb284428661a153e0b1be07e96981b9e4fb0773befb071975e295b5dda1f05
inputs/synthetic_networks/zhengzhou_jinshui/fine/inlets.csv,package,documentation,updated package file,734991,e34f28d992abae505015640a7f236a7559cbce3c937180131b08efb2ddcfb893
inputs/synthetic_networks/zhengzhou_jinshui/fine/network_layers.gpkg,package,documentation,updated package file,2469888,ac9f27c88c01328da78e4c732439183a081597d6eeaaad3ed15adf03b5c0494b
inputs/synthetic_networks/zhengzhou_jinshui/fine/network_qc_report.json,package,documentation,updated package file,1667,c99ccf8da07cc51c49e3d099eb3107e7645b4e25067e0f96d968cf24c6202306
inputs/synthetic_networks/zhengzhou_jinshui/fine/network_summary.md,package,documentation,updated package file,906,aea0e442386dc8471feb9b6bc7f5eeea2f7d084ff6273965d6f50394817b5e58
inputs/synthetic_networks/zhengzhou_jinshui/fine/node_service_area.csv,package,documentation,updated package file,95585,76192fafcaa08ce04555d0d8526f9b841149e10b70cc0fe7c7f2a2309136f7fb
inputs/synthetic_networks/zhengzhou_jinshui/fine/nodes.csv,package,documentation,updated package file,127969,1ea5d2a9e1a1abaa9f82b0a1d6bdde6b16da7cdba31ac8a341f02adec71f51ed
inputs/synthetic_networks/zhengzhou_jinshui/fine/pipes.csv,package,documentation,updated package file,209619,ea8f345d4305d84bda89fefa08e1dc54dce834ad4b3c89b94dd9f3567ee8251b
inputs/synthetic_networks/zhengzhou_jinshui/generalized_sewer_summary.json,package,documentation,updated package file,5972,412d35365617e582720a1c1fcf14666d6195b1764c6300c2148ec5eee365b575
inputs/synthetic_networks/zhengzhou_jinshui/medium/boundaries.csv,package,documentation,updated package file,207,dd4d792cb485c2133294a99a2d12dfb4aa8c0d9c7e2dc7c548251d56feda4453
inputs/synthetic_networks/zhengzhou_jinshui/medium/inlets.csv,package,documentation,updated package file,441358,43fc1f734fda6176d06020b9b47965ef34429260b6cdc6892bcae75ee3f0f3de
inputs/synthetic_networks/zhengzhou_jinshui/medium/network_layers.gpkg,package,documentation,updated package file,1331200,538630200df457ef4321c1ec3133dfa224ab6c5c4c176e9c8da6931ead490351
inputs/synthetic_networks/zhengzhou_jinshui/medium/network_qc_report.json,package,documentation,updated package file,1596,b92f8b11c0f9540973450d6c6e495f6d06b4da619a02c4d2f5eb214ec22b07d6
inputs/synthetic_networks/zhengzhou_jinshui/medium/network_summary.md,package,documentation,updated package file,904,66150e1f7a35873d8beed64b4c5e6c62a1310478f39a82b55075d2acd40e22ed
inputs/synthetic_networks/zhengzhou_jinshui/medium/node_service_area.csv,package,documentation,updated package file,34612,b43faefa12fffd579acde7d666a3db04a4ad82f017dca988ca2ebcafab87f29f
inputs/synthetic_networks/zhengzhou_jinshui/medium/nodes.csv,package,documentation,updated package file,45139,c88f7b05c772bfdc1be56f443c116c4d7484e3b2e6b8e4657fd0a4956a164693
inputs/synthetic_networks/zhengzhou_jinshui/medium/pipes.csv,package,documentation,updated package file,85968,7f750fdbd935bfa80780792320bcd07d37823811ea188dde69bb41ff8da5c166
metadata/chapter2_standardized_outputs/chapter2_parameter_table.csv,package,documentation,updated package file,1313,3d934cb26137d5ffca8e73ab85e78e40732c51c7c878f32b23b4d90b5e504457
metadata/chapter2_standardized_outputs/chapter2_scenario_manifest.csv,package,documentation,updated package file,736,cb13d8382326adb44ba2d882a38c4892159b39ef667ad5829b729bdac9d874a4
metadata/chapter2_standardized_outputs/chapter2_sensitivity_manifest.csv,package,documentation,updated package file,1259,94b54bff56ef82e5fc61322f0abc69e5c278a0214b951ab40f8e43ee44f1e271
metadata/chapter2_standardized_outputs/chapter2_standardization_report.md,package,documentation,updated package file,1504,513a4ee99fde7e299dd765082fddd560555187a2202da951a2aa685f717b856f
metadata/chapter2_standardized_outputs/data_inventory.csv,package,documentation,updated package file,3035,0b1cd2f32b34af0c4cfa2e8f6790bf9057c5a6b931c6e0f07bbd6566a432a2b0
metadata/chapter2_standardized_outputs/data_inventory.json,package,documentation,updated package file,4911,1a2a1a92911ffd0061d25d5d4a3eabdd9ce6fa7ad050bf2fb621c10a9d8328e5
metadata/chapter2_standardized_outputs/quality_control_report.json,package,documentation,updated package file,8989,a2fa97377c40cf20346ce57fc1b50c067e5000eb51ea721c062ec8854ad15f8a
metadata/xiaozhai/base_data_summary.json,package,documentation,updated package file,6541,fae4e41627bc67b4d43eb41ba8b9ef6ad2130b67b4aeec4669c0566aed606e59
metadata/xiaozhai/data_catalog.csv,package,documentation,updated package file,2633,55d0c8d86b98bedf82c9a2c2187d98ca893429ff04983a9d0a932f60f6417a54
metadata/xiaozhai/uhsm_build_summary.json,package,documentation,updated package file,8854,ca63a38a49284771e240e895cd74e8babe3956271b79dcbfd3010da71a7022c1
metadata/zhengzhou_jinshui/boundary_metadata.json,package,documentation,updated package file,957,d900a866964981af5a0fdf16f8da8ecd79b89d9a2d4dfa1f10fe3eca9649f339
metadata/zhengzhou_jinshui/data_catalog.csv,package,documentation,updated package file,3231,cbf66f9e7446ecaa19051bbfee15cf4944831030f7162b08d363b6edd2e557a8
metadata/zhengzhou_jinshui/data_requirements.csv,package,documentation,updated package file,1830,0ebc2a7782e777a4b5328b5fc86cd145d5a0193b716b8865272abe8e6fa7da95
metadata/zhengzhou_jinshui/public_data_download_summary.json,package,documentation,updated package file,6505,54463d439e4149cc80b1b6406e34a5b64e1c36afb7fa03e4c9f673e99879ea0e
metadata/zhengzhou_jinshui/public_data_preparation_report.md,package,documentation,updated package file,2882,f6d5a0f19a18c767eb01231e621d6dd68d8470c1548244724ebc5c67754dc6e7
metadata/zhengzhou_jinshui/uhsm_build_summary.json,package,documentation,updated package file,8915,ec1bdc6f2977bc2a7a8ecb6ec68d6e9ac938788dae5ad2a583d1fc076a3ea9ae
metadata/zhengzhou_jinshui/zhengzhou720_event_input_package_report.md,package,documentation,updated package file,1490,71b1307b5781c9308a13ceff27503a1ded1e85dbb7357ddd45f44fe639db7e14
metadata/zhengzhou_jinshui/zhengzhou720_jinshui_next_step_plan.md,package,documentation,updated package file,1800,984909ad94f6692c4e7be8d322949c1ab442da947439b1b05e013137304c296c
MISSING_FILES.csv,package,documentation,updated package file,56,f5ef67ba59d0b4ef8f714306f0663605992b701451eac2c0613ce60fa55307ab
project_README_original.md,package,documentation,updated package file,29307,32e5a16095c20ccb8996474cbfcb9d2a1b4eae82e8ef39d468e4ba4808adcf02
README.md,package,documentation,updated package file,5333,0509953ba86d1802f96dfed37d35bb958665eae752634b8380ff94235d99edaf
requirements_minimal.txt,package,documentation,updated package file,93,fca2ca1004c757b345f4bec67e76fa7e2b25bd2caddbde3c769449e5a357a6e9
results/chapter2_result_tables/chapter2_asset_manifest.csv,package,documentation,updated package file,30465,171e02b2e88ad70a6d8dce86e1b3133a1a1558690bc7f70322066efd2ee7fdb7
results/chapter2_result_tables/chapter2_figure_inventory.csv,package,documentation,updated package file,5069,242e952e0d56833dafa5d7fed30530e19b91d03aa78d7c57b5a0317e9ee63247
results/chapter2_result_tables/chapter2_key_metrics.csv,package,documentation,updated package file,9756,ca574655f1eec0ffdd8ae4e63ed389dddbfaca17ed5aa25880d117184d72e995
results/chapter2_result_tables/source_control_model_comparison_all_metrics.csv,package,documentation,updated package file,13742,5723e1001464aa572fd12f18ddaf812414c2a7e6690c95aa9e92c423eeb66c4f
results/chapter2_result_tables/source_evidence_case_threshold_summary.csv,package,documentation,updated package file,2254,948f8d8ee161680c5cf02fe0981a10b08961f0890604eae4f0ad417a3cd934cc
results/chapter2_result_tables/source_landuse_parameter_table.csv,package,documentation,updated package file,486,1b43498f3959a7e0e7e505cc216335c26bbee6409687446ac653a5307f547f63
results/chapter2_result_tables/source_network_generalization_sensitivity_metrics.csv,package,documentation,updated package file,5923,e3b509894c5aa9eb1dc42d7d7beef7f8e1442b611f90218ed2d7444fbd13cdff
results/chapter2_result_tables/source_uhsm_sensitivity_metrics.csv,package,documentation,updated package file,8880,54832621bef1468d1bcf1a3ade6a2f4ff7d15a8b021211260604e67751361f07
results/chapter2_result_tables/source_v0_v1_network_metric_comparison.csv,package,documentation,updated package file,1525,6a2e22b9b903e6317199614952b6fca59f9c46d3d2c502fe75a9fbaf9b1908a8
results/chapter2_result_tables/source_v1_baseline_design_storms_metrics.csv,package,documentation,updated package file,3080,d3971e527299e90705044b495b2726249e448e09133b17080efaa18b0d375277
results/chapter2_result_tables/source_v1_validation_point_comparison.csv,package,documentation,updated package file,2112,d0dfa7a686b17f0678b7b02f15450d884f58d82bac6d68b0d72c6cc012a40e81
results/chapter2_source_reports/01_uhsm_build_report.md,package,documentation,updated package file,1327,51051a445f5606f8a97b965da8976e8d69db40f7d2c3871986ffbd43e3edc131
results/chapter2_source_reports/02_v0_v1_sewer_comparison.md,package,documentation,updated package file,2792,f7a67de3371a4ef29be788c1fb3f14b05df886528b27343fa8e2b9c81f8ea909
results/chapter2_source_reports/03_control_model_comparison_all_report_zh.md,package,documentation,updated package file,1263,2139daa0d57b1824fab9294e38e0957cdc32f819f45f84563aec551bbe841e35
results/chapter2_source_reports/04_v1_literature_validation_report.md,package,documentation,updated package file,3236,77fbbcc5c8d7f70bc20eff339850ea6a27c625e93cc6ac43c74620c50dedf6b9
results/chapter2_source_reports/05_evidence_chain_validation_report.md,package,documentation,updated package file,3184,b0192f3c4eb53f14a0efa8c7a3b3408ffc6141a9d6115fb33d9faf97baa4c36e
results/chapter2_source_reports/06_network_generalization_sensitivity_report.md,package,documentation,updated package file,1361,fd9177f120bd5badf6c945323c9d28e55409b57137f86fa2897c26a131224f4a
results/chapter2_source_reports/07_uhsm_sensitivity_report_zh.md,package,documentation,updated package file,2072,1e879fefb579bc9e05a9ccf4131cc6dc01caf70a33eaa9d2ff5744de643b429a
results/chapter2_source_reports/08_inlet_adapter_sensitivity_report.md,package,documentation,updated package file,1131,57d9a886391ffd274568a85a9681b8cd1827d700b97500dfdac2cf412034cea6
results/ddsc_assessment/xiaozhai/assessment_grid_100m.csv,package,documentation,updated package file,161379,588c117819287823df3a36556a801bd13c17fc8ce45fba24df3eb1c94f799a81
results/ddsc_assessment/xiaozhai/assessment_grid_100m_report.md,package,documentation,updated package file,1175,877f40c075e38548546dc87a7501a6353eccf29a4b73f69121fae55042887359
results/ddsc_assessment/xiaozhai/assessment_grid_100m_summary.json,package,documentation,updated package file,457,0e238992c96fc5f97daf5506d1da8eb867fd555497f5e3a90c6ba4588b9d5982
results/ddsc_assessment/xiaozhai/ddsc_credibility_metrics.csv,package,documentation,updated package file,66909,a3e8a06cc0870ee94ec133b14563333fdc28a4162e231d3edc3e79014993157e
results/ddsc_assessment/xiaozhai/ddsc_credibility_metrics_augmented_2023.csv,package,documentation,updated package file,67847,37a78029db52f679440a90e3ffe7e68806fb942e0c47d64c8dd843ce3f8ea67d
results/ddsc_assessment/xiaozhai/ddsc_credibility_metrics_top_journal_reviewed.csv,package,documentation,updated package file,66909,a3e8a06cc0870ee94ec133b14563333fdc28a4162e231d3edc3e79014993157e
results/ddsc_assessment/xiaozhai/ddsc_credibility_primary_view.csv,package,documentation,updated package file,13409,4c8526fbbc8387ef872bea374ad0bffaae9fcfe2b20eac62467fba4eff7b3d48
results/ddsc_assessment/xiaozhai/ddsc_credibility_primary_view_augmented_2023.csv,package,documentation,updated package file,13625,594457da75991d31529b18cda0f1fcff40c450bf2beb743f2caddb87530cd714
results/ddsc_assessment/xiaozhai/ddsc_credibility_primary_view_top_journal_reviewed.csv,package,documentation,updated package file,13409,4c8526fbbc8387ef872bea374ad0bffaae9fcfe2b20eac62467fba4eff7b3d48
results/ddsc_assessment/xiaozhai/ddsc_credibility_report.md,package,documentation,updated package file,2155,7015aeb62a73418566177be421d25b8f7dd7237311d6f3b055fbc142f8baccf2
results/ddsc_assessment/xiaozhai/ddsc_credibility_report_augmented_2023.md,package,documentation,updated package file,2225,d88117859bc1f8ab71db88c94d1bb28fcf1fb29d46d502c2a2c2c1f191147296
results/ddsc_assessment/xiaozhai/ddsc_credibility_report_top_journal_reviewed.md,package,documentation,updated package file,2218,9ce68401e30e46220d6df9bc20e7b78495d3984a46cda1b3265f0b0147769110
results/ddsc_assessment/xiaozhai/ddsc_credibility_summary.json,package,documentation,updated package file,1785,10c3f3bef445f10e00dda2854a93edf858329c210e1525c935edd3cad4c8aafa
results/ddsc_assessment/xiaozhai/ddsc_credibility_summary_augmented_2023.json,package,documentation,updated package file,1743,026d8002e13a702049f579cf0dbbc066dbb48361b47beb51e9f5c3ef6deb8afd
results/ddsc_assessment/xiaozhai/ddsc_credibility_summary_top_journal_reviewed.json,package,documentation,updated package file,1826,e7127a37f4a66b44f763c31b621b17a4b90d3ea01557b7de3eced990c21f79e8
results/ddsc_assessment/xiaozhai/mnull_assessment_grid_scores.csv,package,documentation,updated package file,118123,34d4ab51a5687dccfe977c307b78baf6dfe7a685264233c5fb53a72268c7ce60
results/ddsc_assessment/xiaozhai/mnull_report.md,package,documentation,updated package file,1473,762c1bfd49d4a7e1dc880cf2ca3509b4ebeff5ab261a4ef8b4b47df3f50d0232
results/ddsc_assessment/xiaozhai/mnull_summary.json,package,documentation,updated package file,673,f54825ba980f6fcb51a1f2b33f0fed2f86fc977e2c830c09a786890055daaa32
results/ddsc_assessment/xiaozhai/model_support_by_grid.csv,package,documentation,updated package file,2039864,8c21502c48565512afa9222c7d944e5976099fa365390a371f67543abf36d347
results/ddsc_assessment/xiaozhai/model_support_case_inventory.csv,package,documentation,updated package file,2454,4ad956d1e2a73bb7d449ee34cd78b89a89b7542de1e5d1b287460a63cf87294b
results/ddsc_assessment/xiaozhai/model_support_report.md,package,documentation,updated package file,914,8f1b8243986ea453a1a7631bd10fe7ee5f9081226656d5ceeb114989917691f0
results/ddsc_assessment/xiaozhai/model_support_summary.csv,package,documentation,updated package file,2009,f1cbff3f0f4f55c340233397a302eef4a1f7b0f1911bc33e45e9c9aeeb1f3ec6
results/ddsc_assessment/xiaozhai/model_support_summary.json,package,documentation,updated package file,266,e2b74d9abb5e14ce6cd6073b4b2d55549f605fe5d20a38c791206917bd839357
results/ddsc_assessment/xiaozhai/public_evidence_upgrade_effect_delta.csv,package,documentation,updated package file,6637,627aa3b47412dc78e03b0459e2bb51830e033fe5b0e800ce980d21c6be6bb529
results/ddsc_assessment/xiaozhai/public_evidence_upgrade_effect_report.md,package,documentation,updated package file,2227,86255336c8d6196e8a428d1b0705d948e2a8bf230645f9002d237313850f57ec
results/manuscript_figures/fig_1_framework_readable.pdf,package,manuscript figure,updated package file,35436,4a9869ef8a4d08826faca780c33bdc92669301a95c7b20365822952a6b3cae3a
results/manuscript_figures/fig_1_framework_readable.png,package,manuscript figure,updated package file,189674,2c93e99a4b5c8d62469243f723013c7a9d1372d1d8938cc0fc9aa1e05f0f7f5c
results/manuscript_figures/fig_4_1_public_data_derived_inputs.pdf,package,manuscript figure,updated package file,728853,6703df41f6f76130355a0a53e7defdcecbabc92652a5b98575549e605476b5ed
results/manuscript_figures/fig_4_1_public_data_derived_inputs.png,package,manuscript figure,updated package file,1536989,90c8da34768bb5c688d543d816eb7f40aee5ab8fcc767b034d630f2df91de9f2
results/manuscript_figures/fig_4_2_1_uhsm_effect_m0_m1.pdf,package,manuscript figure,updated package file,636282,584be314eec87fdbd042f31cc9be8e1d114d7a7616672ea1b6d8187499acc288
results/manuscript_figures/fig_4_2_1_uhsm_effect_m0_m1.png,package,manuscript figure,updated package file,1756813,510dc2feb5d17ac7749a3facebcbeb365c5bc78e9cf02fc42d2cb1338d61e01c
results/manuscript_figures/fig_4_2_1_uhsm_effect_m0_m1_2x2_zoom_cellwise.pdf,package,manuscript figure,updated package file,633739,3f7fad814c060753fa693ca994a5a625a4fdb6949cf485d7e729ccbd1b9358a3
results/manuscript_figures/fig_4_2_1_uhsm_effect_m0_m1_2x2_zoom_cellwise.png,package,manuscript figure,updated package file,4472160,8c30e9700f6c4df15e8d6d23d01dc8c38899a79fcff6558ba0f8bdc1ed9861ae
results/manuscript_figures/fig_4_2_1_uhsm_effect_m0_m1_2x2_zoom_cellwise.svg,package,manuscript figure,updated package file,1045997,e72e3488f765cb7bb13fd45b227d4d8e177dbeefe0d34dbf707d3aaaa598c94a
results/manuscript_figures/fig_4_2_2_drainage_representation_m1_m2_m3.pdf,package,manuscript figure,updated package file,551785,e4710e5b562f87061259b4f054b3e06cfec4c61c0f65a68555b740747d78642b
results/manuscript_figures/fig_4_2_2_drainage_representation_m1_m2_m3.png,package,manuscript figure,updated package file,1467033,30eb9613dd83ab2de2d1c8397c8d83cf97539aaae4ceb79ffd499879bfabe16f
results/manuscript_figures/fig_4_2_2_drainage_representation_m1_m2_m3_word.jpg,package,manuscript figure,updated package file,1352152,a12213206444e61b3f08f77e5de9b4db6900322cd7d8a450f7987bbc6d3f24cf
results/manuscript_figures/fig_4_2_2_drainage_representation_m1_m2_m3_word_2000.jpg,package,manuscript figure,updated package file,329092,626482ab4b2e0e980a17ec93d7a9e56a7ef7238468231aa310e5a7abf02824d9
results/manuscript_figures/fig_4_2_2_drainage_representation_m1_m2_m3_word_2000.png,package,manuscript figure,updated package file,854488,9103b5d3447e46678441316ca53ba01013ea59965cf7df4195caaba2117e3845
results/manuscript_figures/fig_4_2_2_drainage_representation_m1_m2_m3_word_frame.png,package,manuscript figure,updated package file,604669,422e48aece9660bdd4cede65da33e5b242860235e3149f013de0070c0e6a7989
results/manuscript_figures/fig_4_2_2_drainage_representation_m1_m2_m3_word_frame_rgba_raw.png,package,manuscript figure,updated package file,650395,a1bc19f99204d9f080e24c02e7341a267f74f44cbfde80cf00fc1b6c9b6e189b
results/manuscript_figures/fig_4_2_2_drainage_representation_m1_m2_m3_word_full_rgb.png,package,manuscript figure,updated package file,1896220,dd07b29d4b5d0ccd584cf53628f525be4f8f99868b80deb9ade83f3456a579f2
results/manuscript_figures/fig_4_3_public_evidence_credibility.pdf,package,manuscript figure,updated package file,96988,2b679fcf281950d9d0da832967e78c06ebcf11cf7140ce1342afede15221db1f
results/manuscript_figures/fig_4_3_public_evidence_credibility.png,package,manuscript figure,updated package file,346344,254bd517fcb159c2b8ceaa24d753d24ed4042898e8afb7c31014d25723e85e29
results/manuscript_figures/fig_4_4_1_sensitivity_uncertainty.pdf,package,manuscript figure,updated package file,59094,828ce2a43c1f9b9caf95488bb9a66adf8e76927da5be4ab4f6c17e59c4210f94
results/manuscript_figures/fig_4_4_1_sensitivity_uncertainty.png,package,manuscript figure,updated package file,408871,5bed2959bd223868218ce3512d1ce03ae212a4aa73c50fd8728ff1dfed17a3ae
results/manuscript_figures/fig_4_4_2_cross_city_reproducibility_mechanism.pdf,package,manuscript figure,updated package file,57700,faa07bd010a01361d43e7c683862d8b80dccb3fd3dadbd23056ffbab1ef0cd9a
results/manuscript_figures/fig_4_4_2_cross_city_reproducibility_mechanism.png,package,manuscript figure,updated package file,363394,af3a4e3d62b893d24bdd0f2052aa5074118d9250012a05f43107e9ea51658467
results/manuscript_figures/fig_4_4_2_cross_city_reproducibility_mechanism_word.jpg,package,manuscript figure,updated package file,666724,b0a7a302cb232f5bdb495b8ab1beb1852e07dc483382f02ae12426554d43b287
results/manuscript_figures/fig_4_4_2_cross_city_reproducibility_mechanism_word_2000.jpg,package,manuscript figure,updated package file,250136,1889aca498628dc207306acc3964270b675e823b6ba10eae009f1985128aca07
results/manuscript_figures/fig_4_4_2_cross_city_reproducibility_mechanism_word_2000.png,package,manuscript figure,updated package file,341796,1df997330d918b1763690188714a260eb297a6fc97e0d3e154e2f68a47f517ba
results/manuscript_figures/fig_4_4_2_cross_city_reproducibility_mechanism_word_frame.png,package,manuscript figure,updated package file,280057,c6fdf54ea8d01d3621a42e20cf2d7f082d8b9be35ccba2f50c8665f1156e669f
results/manuscript_figures/fig_4_4_2_cross_city_reproducibility_mechanism_word_frame_rgba_raw.png,package,manuscript figure,updated package file,262741,9e1af70b07fc067553dc74c686cead12570bcdeeccc5dfbf44c3a0079489fbf4
results/manuscript_figures/fig_4_4_2_cross_city_reproducibility_mechanism_word_full_rgb.png,package,manuscript figure,updated package file,494235,f2179824838f1cc6c18f1062eb40f6bb3899f6c66fe9bccf70bbd52aac6e4efe
results/manuscript_summary_tables/results_4_4_1_sensitivity_uncertainty_summary.csv,package,summary table,updated package file,983,fa49530abf07adb25a0578492ea5f3f69020e94579b2af34a0b20a5ec5d47581
results/manuscript_summary_tables/table_cross_city_model_response_metrics.csv,package,summary table,updated package file,833,acf54f9473b3419c41d88139bc6fed6dbe0279e527d938c49882266301030eb8
results/manuscript_summary_tables/table_cross_city_public_data_products.csv,package,summary table,updated package file,367,12e8687f496ccd9baa06ac19dc9a960d7eb37d9b90c5993492dc61421ded8442
results/manuscript_summary_tables/table_cross_city_validation_evidence_status.csv,package,summary table,updated package file,494,59e19c2783a757fbf2759ab593b755d88d618df7a10578fb7ec4987974aa550a
results/manuscript_summary_tables/table_method_control_model_configuration.csv,package,summary table,updated package file,730,ed4de857427daf4e06ff009e885cc4d90f45233674cc7171a188ff7dcb956bc7
results/manuscript_summary_tables/table_method_ddsc_metrics.csv,package,summary table,updated package file,701,c51488da8ede0bf10889afc322dd30f5cdb0ade6c3da0110e8136664a94f8e55
results/manuscript_summary_tables/table_method_uhsm_parameter_rules.csv,package,summary table,updated package file,1932,3a2c06555add7535da494e1da2067acec79412d99aae82e05e8644adb5ae3911
results/manuscript_summary_tables/table_public_validation_evidence_status.csv,package,summary table,updated package file,2975,fc008487c9b286ef8167fa2df4320c1c1bcb6b6527b9ec2185add9dc840f0278
results/manuscript_summary_tables/table_two_case_evidence_ddsc_summary.csv,package,summary table,updated package file,262,916f821822efddc00d79f0bd41f42082bfe61b197887b382ae4d3d544652a90a
results/manuscript_summary_tables/table_two_case_products.csv,package,summary table,updated package file,266,dd61f5e88d1f8960b9e48b9779e18f3ce0b7b1a5cef86ba14f3582e33a463475
results/manuscript_summary_tables/table_two_case_r30_model_metrics.csv,package,summary table,updated package file,701,8073e0811e8ba54a50f62f0c3d4c0ff433057a5acef3482c64f3d06f6e6687b6
results/manuscript_summary_tables/table_zhengzhou720_candidate_point_model_agreement_summary.csv,package,summary table,updated package file,237,0e7e0a152285743ad693257b090811ee88139110fa7e56d1841814c1c9a4b40f
results/manuscript_summary_tables/table_zhengzhou720_candidate_visual_review_checklist.csv,package,summary table,updated package file,3105,ce2b4fb942b1c7ac0a277fe00c8b611510feac55c17060d9b3d36328684f4e85
results/manuscript_summary_tables/table_zhengzhou720_full30h_candidate_point_model_agreement_summary.csv,package,summary table,updated package file,235,abfe48ba70938de7933bf7c9b51833db5a816f87633faf9a4a0be3e9d101ac41
results/manuscript_summary_tables/table_zhengzhou720_full30h_event_replay_metrics.csv,package,summary table,updated package file,768,e3d9afec034c045d282ef7c2bab42f96c012e816f3ced6ca809e84cfc7caa472
results/manuscript_summary_tables/table_zhengzhou720_peak3h_event_replay_metrics.csv,package,summary table,updated package file,451,49b04875a2cde4147e5c2722300220a6473037948bf0d2e0be1d415e1295cebb
results/manuscript_summary_tables/tables/results_4_1_public_data_input_characteristics.csv,package,summary table,updated package file,681,f6df88f8b8a1cc781afe016c4d501ec3134af662042fbd7d9b7ee84f57be3160
results/manuscript_summary_tables/tables/results_4_2_1_m0_m1_cellwise_stats.csv,package,summary table,updated package file,271,f6ebc44c4c2e77079d8d1ef370fbe97bcdb75eada48a04c7c8135a8891154108
results/manuscript_summary_tables/tables/results_4_2_1_uhsm_effect_2x2_metrics.csv,package,summary table,updated package file,369,0f36be9afb010e0a9f083720466ed817d24c576c35c55a58fb8ebb7dae810f0d
results/manuscript_summary_tables/tables/results_4_2_1_uhsm_effect_metrics.csv,package,summary table,updated package file,531,95e9a75faeaa44c4df590159e2d82ea1a5b3a492e7c8b082702d394ab0b15a6f
results/manuscript_summary_tables/tables/results_4_2_2_drainage_representation_metrics.csv,package,summary table,updated package file,707,61a6f5a755879bf5ce7265796065b9596b84d201005ce04aa6fbf5714f0a16f1
results/manuscript_summary_tables/tables/results_4_2_2_m1_m3_cellwise_stats.csv,package,summary table,updated package file,274,4432a7756dce06c0cf3edd177c8d33d2d225a01787996ba966f0e5065223b274
results/manuscript_summary_tables/tables/results_4_3_m2_zero_overlap_diagnostic.csv,package,summary table,updated package file,444,26d5c92b1c0817966bd48b2f6f9b0c551da553649695a2464d300f901dd41c4f
results/manuscript_summary_tables/tables/results_4_3_public_evidence_credibility_metrics.csv,package,summary table,updated package file,3575,329b8a3a6f9c98680d62e194370db2cf7bce980d4cb269b53077e42d2dce9041
results/manuscript_summary_tables/tables/results_4_4_1_sensitivity_uncertainty_summary.csv,package,summary table,updated package file,983,fa49530abf07adb25a0578492ea5f3f69020e94579b2af34a0b20a5ec5d47581
results/manuscript_summary_tables/tables/results_4_4_2_cross_city_reproducibility_metrics.csv,package,summary table,updated package file,2481,08941726369d7a4fa83010be919af20b5dda765ef64515d7164ff3c8855c605c
results/manuscript_summary_tables/tables/results_global_mass_balance_residuals.csv,package,summary table,updated package file,490,7518601258572498ce959d326055c6b10a38de9254fbfb3c1a0e4b54978de5ad
results/manuscript_tables/results_4_1_public_data_input_characteristics.csv,package,documentation,updated package file,681,f6df88f8b8a1cc781afe016c4d501ec3134af662042fbd7d9b7ee84f57be3160
results/manuscript_tables/results_4_2_1_m0_m1_cellwise_stats.csv,package,documentation,updated package file,271,f6ebc44c4c2e77079d8d1ef370fbe97bcdb75eada48a04c7c8135a8891154108
results/manuscript_tables/results_4_2_1_uhsm_effect_2x2_metrics.csv,package,documentation,updated package file,369,0f36be9afb010e0a9f083720466ed817d24c576c35c55a58fb8ebb7dae810f0d
results/manuscript_tables/results_4_2_1_uhsm_effect_metrics.csv,package,documentation,updated package file,531,95e9a75faeaa44c4df590159e2d82ea1a5b3a492e7c8b082702d394ab0b15a6f
results/manuscript_tables/results_4_2_2_drainage_representation_metrics.csv,package,documentation,updated package file,707,61a6f5a755879bf5ce7265796065b9596b84d201005ce04aa6fbf5714f0a16f1
results/manuscript_tables/results_4_2_2_m1_m3_cellwise_stats.csv,package,documentation,updated package file,274,4432a7756dce06c0cf3edd177c8d33d2d225a01787996ba966f0e5065223b274
results/manuscript_tables/results_4_3_m2_zero_overlap_diagnostic.csv,package,documentation,updated package file,444,26d5c92b1c0817966bd48b2f6f9b0c551da553649695a2464d300f901dd41c4f
results/manuscript_tables/results_4_3_public_evidence_credibility_metrics.csv,package,documentation,updated package file,3575,329b8a3a6f9c98680d62e194370db2cf7bce980d4cb269b53077e42d2dce9041
results/manuscript_tables/results_4_4_1_sensitivity_uncertainty_summary.csv,package,documentation,updated package file,983,fa49530abf07adb25a0578492ea5f3f69020e94579b2af34a0b20a5ec5d47581
results/manuscript_tables/results_4_4_2_cross_city_reproducibility_metrics.csv,package,documentation,updated package file,2481,08941726369d7a4fa83010be919af20b5dda765ef64515d7164ff3c8855c605c
results/manuscript_tables/results_global_mass_balance_residuals.csv,package,documentation,updated package file,490,7518601258572498ce959d326055c6b10a38de9254fbfb3c1a0e4b54978de5ad
results/model_outputs/xiaozhai/M0_R30/duration_above_0_05h.npy,package,documentation,updated package file,4337792,b4f0ab6c3b439eb79f5e139f7105356f36050e36a741bda215a77c6ac63008bf
results/model_outputs/xiaozhai/M0_R30/inundation_extent.csv,package,documentation,updated package file,4880384,1f9b346062e739ec3115c5007ba4164f462e0180713a214c0072d5c8ce1232b6
results/model_outputs/xiaozhai/M0_R30/mass_balance.csv,package,documentation,updated package file,419,29e73512958ec245a494c32bab5747f4c5e623980244fde4d49cb122e7163129
results/model_outputs/xiaozhai/M0_R30/max_depth.csv,package,documentation,updated package file,4880384,14c4e41a5c9cda8801faad4105a50beac5ad70a5b9ce947601870e85e8045664
results/model_outputs/xiaozhai/M0_R30/max_depth.npy,package,documentation,updated package file,4337792,1e606d4317926047ad3d22063bd25b6b1b573f10569ada532d94e1c921cb2cad
results/model_outputs/xiaozhai/M0_R30/metrics.csv,package,documentation,updated package file,1231,ef8e64a12539ae705aa1cd089e4afdb278bdccfd471c8fb7d6afda7e5126e883
results/model_outputs/xiaozhai/M0_R30/overflow_by_node.csv,package,documentation,updated package file,61,443aad89fe73438d757fb735e4d64cb9619168d6ad884f7e921d6ae1b933b1b4
results/model_outputs/xiaozhai/M0_R30/peak_instant_depth.csv,package,documentation,updated package file,4880384,354270dd0ee28fec23aac425a4471aed410b1924b8f0ea7c817fa8705e319ad9
results/model_outputs/xiaozhai/M0_R30/peak_instant_depth.npy,package,documentation,updated package file,4337792,d1d5d3feceafdea0ee6883df454750904c82d6c8616bef33d2032e2001294d09
results/model_outputs/xiaozhai/M0_R30/preprocess/generated_network.inp,package,documentation,updated package file,587,6cc75c12db3d3013bbffbaff650d384261fce3cc4112396dd87c0b221fd22e65
results/model_outputs/xiaozhai/M0_R30/preprocess/metadata.json,package,documentation,updated package file,165,ab6b709aea4af4cbb9f2e0e86e76c470b5c58ac7ecf53bed45abb5b5c93d4acc
results/model_outputs/xiaozhai/M0_R30/report.md,package,documentation,updated package file,2893,d9a7ae7cea14f4ee4dafe5c390ec146cb3c100e3ac7cad9ab049240ff457555f
results/model_outputs/xiaozhai/M0_R30/summary.json,package,documentation,updated package file,2127,2add4a971c7d07b71c43cc51c035b6263334902956c026ab54f2db9ab4d3ebd0
results/model_outputs/xiaozhai/M1_R30/duration_above_0_05h.npy,package,documentation,updated package file,4337792,65c5329c220b7711edca0254f41892b40217566c9958d8c7b69929850603f141
results/model_outputs/xiaozhai/M1_R30/inundation_extent.csv,package,documentation,updated package file,4880384,aecc1635479c72f45fde121f6d95dc570a851ac62bc9091f6e8f968f1b30266d
results/model_outputs/xiaozhai/M1_R30/mass_balance.csv,package,documentation,updated package file,421,52c7d6ac015be71867b918758e257696128e80454f01f4abf63ed209142079d1
results/model_outputs/xiaozhai/M1_R30/max_depth.csv,package,documentation,updated package file,4880384,49c6060ac25690ec7554d346335779e21c19b184b6f910a41f5c36f550a72da4
results/model_outputs/xiaozhai/M1_R30/max_depth.npy,package,documentation,updated package file,4337792,b2c2525bdbdd9e9866d4730a6860f4057c570a1be6811ef179347dbee16f4bd4
results/model_outputs/xiaozhai/M1_R30/metrics.csv,package,documentation,updated package file,1231,da1a4412d2051f112dba73ebddfed6c46556903f4fdd7d1c09c12cfbc0f94ade
results/model_outputs/xiaozhai/M1_R30/overflow_by_node.csv,package,documentation,updated package file,61,443aad89fe73438d757fb735e4d64cb9619168d6ad884f7e921d6ae1b933b1b4
results/model_outputs/xiaozhai/M1_R30/peak_instant_depth.csv,package,documentation,updated package file,4880384,1f47f3eccd7c3460f2c22d163c6e4cfbc6b5b0e1ad2f6766a738c795e1d2aad7
results/model_outputs/xiaozhai/M1_R30/peak_instant_depth.npy,package,documentation,updated package file,4337792,64b98d6eaf36384adbebe91d35ae59b7ea357d7703996a6affac917f2eca6d24
results/model_outputs/xiaozhai/M1_R30/preprocess/generated_network.inp,package,documentation,updated package file,587,6cc75c12db3d3013bbffbaff650d384261fce3cc4112396dd87c0b221fd22e65
results/model_outputs/xiaozhai/M1_R30/preprocess/metadata.json,package,documentation,updated package file,165,ab6b709aea4af4cbb9f2e0e86e76c470b5c58ac7ecf53bed45abb5b5c93d4acc
results/model_outputs/xiaozhai/M1_R30/report.md,package,documentation,updated package file,2895,27ab31aab8e050696ba6c293acac0e89a89cf16108512bcbee0171d872061413
results/model_outputs/xiaozhai/M1_R30/summary.json,package,documentation,updated package file,2139,316f1185691358094ed1aadfc4837c43fadb88bdac6a0b9097f4c62b4657ff59
results/model_outputs/xiaozhai/M2_cap0p0035/config.yaml,package,documentation,updated package file,102157,c64de04dff6812ecbe44e5fc1293626994e6f9a80e380415d5be8b61b6ba8a16
results/model_outputs/xiaozhai/M2_cap0p0035/duration_above_0_05h.npy,package,documentation,updated package file,4337792,0558c7b0f0914b40f0c88ca18c53c8f2927e4abeb93c9bd94a860fbc646084b7
results/model_outputs/xiaozhai/M2_cap0p0035/inundation_extent.csv,package,documentation,updated package file,4880384,cb7dd88cbad62d9aae1998c12b2721c5ff072996281f9efd77e5bc675c6d1f1e
results/model_outputs/xiaozhai/M2_cap0p0035/mass_balance.csv,package,documentation,updated package file,1189,6c1485567640d53119e727a97f7d0218c9933db3af8ba0e53671a175f21e11f8
results/model_outputs/xiaozhai/M2_cap0p0035/max_depth.csv,package,documentation,updated package file,4880384,3213769c3743cc74d4a37550c4126a0630c9b5265c0800efa58b77e7d4838d05
results/model_outputs/xiaozhai/M2_cap0p0035/max_depth.npy,package,documentation,updated package file,4337792,1980282fec7382d870eec1fb45e0af02bace0696a97206ebce40d58c7b8fe657
results/model_outputs/xiaozhai/M2_cap0p0035/metrics.csv,package,documentation,updated package file,1230,b0fa8ddd2164f53bd8d32bab998c8a9476444083d78f5f1805a27f64520d5d80
results/model_outputs/xiaozhai/M2_cap0p0035/overflow_by_node.csv,package,documentation,updated package file,43621,24bc790d311491e259ed64d09593f2cda33c3d84077f47b80f2cf5da02e8a549
results/model_outputs/xiaozhai/M2_cap0p0035/peak_instant_depth.csv,package,documentation,updated package file,4880384,e5b117bd1c170275214b43cc44b191d231e2910e435adbd2578dbd6bf8cc307a
results/model_outputs/xiaozhai/M2_cap0p0035/peak_instant_depth.npy,package,documentation,updated package file,4337792,34e1c44f7ab48d166b3643ab1a5ed8f8c9713ba828e8cc59f44e5790a4e10d78
results/model_outputs/xiaozhai/M2_cap0p0035/preprocess/generated_network.inp,package,documentation,updated package file,158987,bcc1b6f072de458de559078297802fa03474a994663eea85293e3b6e8163f90b
results/model_outputs/xiaozhai/M2_cap0p0035/preprocess/metadata.json,package,documentation,updated package file,35776,db2feebece3dc4e9fdce4e214b7c74c14d072e51e26a4cc4e1964f8ae67938a3
results/model_outputs/xiaozhai/M2_cap0p0035/report.md,package,documentation,updated package file,3731,5322a9c277032889dc01e9741a3a7b9f47771bdb4be443fa305e54078cf968a5
results/model_outputs/xiaozhai/M2_cap0p0035/summary.json,package,documentation,updated package file,48721,5c5e1806759899e99798cfa7bd81805ecd19aa015679595fa75576c717d41b0f
results/model_outputs/xiaozhai/M3_outfall50m_oc5_xc0p2_cap0p02/config.yaml,package,documentation,updated package file,102229,97af726c8ee3c2727891164b6c3603e9e27e40aaa7413c2faedff6b1ea80866f
results/model_outputs/xiaozhai/M3_outfall50m_oc5_xc0p2_cap0p02/duration_above_0_05h.npy,package,documentation,updated package file,4337792,c64973736187cbc4e55baad7f7359ead21af177b907c74418d35aa10e65b1a10
results/model_outputs/xiaozhai/M3_outfall50m_oc5_xc0p2_cap0p02/inundation_extent.csv,package,documentation,updated package file,4880384,2a2c199a0f4199c310570364bd9c704a95c09df58325f98b9ac21053a2cc4cc4
results/model_outputs/xiaozhai/M3_outfall50m_oc5_xc0p2_cap0p02/mass_balance.csv,package,documentation,updated package file,1207,f6056d70a568fce298bff8127e9b179562741c29716e634360d6bf869ebe323e
results/model_outputs/xiaozhai/M3_outfall50m_oc5_xc0p2_cap0p02/max_depth.csv,package,documentation,updated package file,4880384,72de127683e96d5bae5d4e1228107869f39b7d6d92862a454215f8b132c4e899
results/model_outputs/xiaozhai/M3_outfall50m_oc5_xc0p2_cap0p02/max_depth.npy,package,documentation,updated package file,4337792,72d23f208becca29eadd706cc63bc81e1157de036df3c9454adf6e8fa0633d2f
results/model_outputs/xiaozhai/M3_outfall50m_oc5_xc0p2_cap0p02/metrics.csv,package,documentation,updated package file,1237,7f842dec811aec19f40d0bc106c49ae076d997e2c54ce619ebdc9b5555cb18d6
results/model_outputs/xiaozhai/M3_outfall50m_oc5_xc0p2_cap0p02/overflow_by_node.csv,package,documentation,updated package file,57693,3716fcb1efab481b50b0b768b6b77c60b7a183c7d07b21c988e41a8965aa1c7a
results/model_outputs/xiaozhai/M3_outfall50m_oc5_xc0p2_cap0p02/peak_instant_depth.csv,package,documentation,updated package file,4880384,0e030a997ca3a2979ccc5637e299f3755fa5e3063bfd78c7e7d520ed1a6a3e61
results/model_outputs/xiaozhai/M3_outfall50m_oc5_xc0p2_cap0p02/peak_instant_depth.npy,package,documentation,updated package file,4337792,4c25550297ef8653c7c7c57eb8b10473109769a51815fed809f4066b10129266
results/model_outputs/xiaozhai/M3_outfall50m_oc5_xc0p2_cap0p02/preprocess/generated_network.inp,package,documentation,updated package file,412216,6d8d443c1ca251cf427b74651a705c800d9ecc18a4bcd507e6142e752f64ac0f
results/model_outputs/xiaozhai/M3_outfall50m_oc5_xc0p2_cap0p02/preprocess/metadata.json,package,documentation,updated package file,35779,25922abfeb04ed8463045b73e830e2487250035a5a1d68d5c582f2a0e88d0491
results/model_outputs/xiaozhai/M3_outfall50m_oc5_xc0p2_cap0p02/report.md,package,documentation,updated package file,3889,2fec3d9171ba3c277cedf51bc4b028c96046695be16ec33c00a240c0c90117a3
results/model_outputs/xiaozhai/M3_outfall50m_oc5_xc0p2_cap0p02/summary.json,package,documentation,updated package file,80502,645a7ec3c70e1e5b4c9e1ddb289df23708af5bf4b475f6c7eeefb36093030c8c
results/model_outputs/zhengzhou_jinshui/M1_event/duration_above_0_05h.npy,package,documentation,updated package file,6865888,215915ec3af01ae184cb6d1c103836a0f8b23db4d982f8ac5f340217085ab7f7
results/model_outputs/zhengzhou_jinshui/M1_event/inundation_extent.csv,package,documentation,updated package file,7724893,2fe56d46126a25027a25ef530d686a5d8b4cfd1bc3ff786413fd969f57623713
results/model_outputs/zhengzhou_jinshui/M1_event/mass_balance.csv,package,documentation,updated package file,422,f447b8ada603740b8fbda455fff826aefc010286bc82b09d0891b0ab6f82f607
results/model_outputs/zhengzhou_jinshui/M1_event/max_depth.csv,package,documentation,updated package file,7724905,a1817d155ce7f34a162e84efb065edc8a56ab76bd8b3238ec1d74a8c8f17aa37
results/model_outputs/zhengzhou_jinshui/M1_event/max_depth.npy,package,documentation,updated package file,6865888,cde74546dca3ca86459e0cb1bc907916e0fd43e03abc28f6dbd99cb00f8ff654
results/model_outputs/zhengzhou_jinshui/M1_event/metrics.csv,package,documentation,updated package file,1226,9baaef3f1e7fd66314d0f43fcd2a0590b092cbff8ccd4a0c2c5ddef40669fb68
results/model_outputs/zhengzhou_jinshui/M1_event/overflow_by_node.csv,package,documentation,updated package file,61,443aad89fe73438d757fb735e4d64cb9619168d6ad884f7e921d6ae1b933b1b4
results/model_outputs/zhengzhou_jinshui/M1_event/peak_instant_depth.csv,package,documentation,updated package file,7724905,670a1c1ef9440483bb656f5192912df481ff88846f5a0d56762398bfb6c797cd
results/model_outputs/zhengzhou_jinshui/M1_event/peak_instant_depth.npy,package,documentation,updated package file,6865888,29315e0991175c24ff72b36fad0f979775fc33cf46adaabe5417785e49f35cc7
results/model_outputs/zhengzhou_jinshui/M1_event/preprocess/generated_network.inp,package,documentation,updated package file,587,6cc75c12db3d3013bbffbaff650d384261fce3cc4112396dd87c0b221fd22e65
results/model_outputs/zhengzhou_jinshui/M1_event/preprocess/metadata.json,package,documentation,updated package file,164,ad21ef8262c43aaa9105cef2510be8bb9853638d7a71f0e648a2d5b277a8ea7a
results/model_outputs/zhengzhou_jinshui/M1_event/report.md,package,documentation,updated package file,3045,8ca823e956b68a028f4fc7974f0154804dca14d3daf800ef48311cac7b8dddfa
results/model_outputs/zhengzhou_jinshui/M1_event/summary.json,package,documentation,updated package file,2128,fdcc12f61e6b4ec5981924e41cfd94abda11c4d8e0c963065da14c274fb8e6b4
results/model_outputs/zhengzhou_jinshui/M2_cap0p0039/config.yaml,package,documentation,updated package file,189920,fbc4a724a0dabeb23d14763d5870812642e6256ba8ace840acc500050562b613
results/model_outputs/zhengzhou_jinshui/M2_cap0p0039/duration_above_0_05h.npy,package,documentation,updated package file,6865888,13c0c9009c2fc716465677dac68fb94e3d4c5d42441becaf1b7266ff0c27aafe
results/model_outputs/zhengzhou_jinshui/M2_cap0p0039/inundation_extent.csv,package,documentation,updated package file,7724893,05b7d95749ae4b6ecfcd9d925e47697be464a9e5a4e57298a398d66e7f38fc25
results/model_outputs/zhengzhou_jinshui/M2_cap0p0039/mass_balance.csv,package,documentation,updated package file,1210,25d6e386b0e3de95bad7f5d56c44648438be5e5a2ae4568dddc36dcc1df173cc
results/model_outputs/zhengzhou_jinshui/M2_cap0p0039/max_depth.csv,package,documentation,updated package file,7725075,33ba7ce1fb006949dbe045fd3b8f0a4750ec64dfc14ff2afda3cfb53d7473452
results/model_outputs/zhengzhou_jinshui/M2_cap0p0039/max_depth.npy,package,documentation,updated package file,6865888,d2f5be76d215fd0497eae462b7db50554d8a139e050fd1f1aad3169e60acbab3
results/model_outputs/zhengzhou_jinshui/M2_cap0p0039/metrics.csv,package,documentation,updated package file,1230,1717d9a49f03061408c85654a9046d7be11049e51be6c4fa343f443bf5f7cfef
results/model_outputs/zhengzhou_jinshui/M2_cap0p0039/overflow_by_node.csv,package,documentation,updated package file,82143,7bd3e78895f5d51a6a7bceda1e3e3ec0dcc21ade4c66243e340e36b2d834fd05
results/model_outputs/zhengzhou_jinshui/M2_cap0p0039/peak_instant_depth.csv,package,documentation,updated package file,7725075,ebee06a5ecfb5e51b30104670f621f7783687ca1cec1254db50b15ff26486f73
results/model_outputs/zhengzhou_jinshui/M2_cap0p0039/peak_instant_depth.npy,package,documentation,updated package file,6865888,bc4196d7ba20bf527c8ec0f6a6dabb757c22904962adba1969b94e9e8cea8606
results/model_outputs/zhengzhou_jinshui/M2_cap0p0039/preprocess/generated_network.inp,package,documentation,updated package file,299067,6b6f65dd3a6050f5884ef0dc1c8344bdd68c26d4e438d2f4e3a03f2cb562ae95
results/model_outputs/zhengzhou_jinshui/M2_cap0p0039/preprocess/metadata.json,package,documentation,updated package file,67293,3be882a2d88ce82e2fce0835a3747e0a1f65f4475e96c0d90209a6b365366a77
results/model_outputs/zhengzhou_jinshui/M2_cap0p0039/report.md,package,documentation,updated package file,3836,68df9758a5771d2ff835ba42a3384d305dc43f79d65da25e4a18bfc317fdeef9
results/model_outputs/zhengzhou_jinshui/M2_cap0p0039/summary.json,package,documentation,updated package file,88975,6ca10dcd724cbcb291918c77bfdcb177c1eb6ccdf9b3829a893fe9f21bfbdf34
results/model_outputs/zhengzhou_jinshui/M3_outfall200m_oc5_xc0p2_cap0p02/config.yaml,package,documentation,updated package file,190013,c436371b38eca524bcc0fcd33eb79ef754901909dbda8a092d89461ef796fe56
results/model_outputs/zhengzhou_jinshui/M3_outfall200m_oc5_xc0p2_cap0p02/duration_above_0_05h.npy,package,documentation,updated package file,6865888,576cdbe4b8c8557296fbd001ff0e91b2fb79cf71a5ccb25f9b4669d6d54a23bd
results/model_outputs/zhengzhou_jinshui/M3_outfall200m_oc5_xc0p2_cap0p02/inundation_extent.csv,package,documentation,updated package file,7724893,81d720b41efc37e40a0adae39b9361f6d85fd9b8cd8a8a6c1bbd74dd47af8d1b
results/model_outputs/zhengzhou_jinshui/M3_outfall200m_oc5_xc0p2_cap0p02/mass_balance.csv,package,documentation,updated package file,1231,5e999e70ed93ff5df1d2596a34f3f16eb2e21692c5b9309b7d377bccf4c15112
results/model_outputs/zhengzhou_jinshui/M3_outfall200m_oc5_xc0p2_cap0p02/max_depth.csv,package,documentation,updated package file,7725090,ae0ad9991431bc2e390c2bfdc5c843e70eb5d3e057b96e9a79ae702d948ea8a6
results/model_outputs/zhengzhou_jinshui/M3_outfall200m_oc5_xc0p2_cap0p02/max_depth.npy,package,documentation,updated package file,6865888,b49e2203b30ee77b5dd081cf0d5f7e8f4ec5126d807e2ef96011d4e4f130d4f5
results/model_outputs/zhengzhou_jinshui/M3_outfall200m_oc5_xc0p2_cap0p02/metrics.csv,package,documentation,updated package file,1239,b3deffbaa12eaa91492fd75fc9845f23d25b3a5c1bfb7dbd4c949d3f391918e4
results/model_outputs/zhengzhou_jinshui/M3_outfall200m_oc5_xc0p2_cap0p02/overflow_by_node.csv,package,documentation,updated package file,115515,78eb5b823f1808f982e193637de252d1f3a0d244a8c97830346286e7207355d2
results/model_outputs/zhengzhou_jinshui/M3_outfall200m_oc5_xc0p2_cap0p02/peak_instant_depth.csv,package,documentation,updated package file,7725090,e42a691774a023ec5b6faa5d98f8f1df23a16f412018b5221c64933a01d804cd
results/model_outputs/zhengzhou_jinshui/M3_outfall200m_oc5_xc0p2_cap0p02/peak_instant_depth.npy,package,documentation,updated package file,6865888,15d3d53ebaeddd46233e83dbb43e4a421fc5be75bfb98127127602054b8bd3ee
results/model_outputs/zhengzhou_jinshui/M3_outfall200m_oc5_xc0p2_cap0p02/preprocess/generated_network.inp,package,documentation,updated package file,767853,dd1a15e923db1f321c4e58ad8fb0d86ca214909d683ed398f8cc2448fc4461c9
results/model_outputs/zhengzhou_jinshui/M3_outfall200m_oc5_xc0p2_cap0p02/preprocess/metadata.json,package,documentation,updated package file,67296,5ef564302e229b2dc4f350fc92bf90a291aa1a71bd96d9c1fdd28d6f699e9560
results/model_outputs/zhengzhou_jinshui/M3_outfall200m_oc5_xc0p2_cap0p02/report.md,package,documentation,updated package file,4006,9d8e53837526bfa30f8e326d70314f613e8652e4e8e622489c5726a58f3b80ae
results/model_outputs/zhengzhou_jinshui/M3_outfall200m_oc5_xc0p2_cap0p02/summary.json,package,documentation,updated package file,162405,91cb43b242ab74edb9e497971c1b9a387d39f8795ec1e3acae2665c4ad5a3511
results/revision_capacity_control/capacity_control_input_qc.csv,package,documentation,updated package file,725,d7cf32df5ea1c5424d27c19518621346ff43d275874dcd45a4216905b865ba1b
results/revision_capacity_control/capacity_control_summary.csv,package,documentation,updated package file,1397,98d1c945bc2201433117f93c1e9daff9bc5bcdeffc26cd736060336f597da528
results/revision_capacity_control/capacity_control_summary.md,package,documentation,updated package file,1811,3a050f06f927b3057b2a93650dbf16dcbc91e48baeef5f933a84697f740d9603
results/revision_capacity_control/m2_m3_capacity_and_network_diagnostic.csv,package,documentation,updated package file,858,e26077a43491154457351b7de89a47a01a294268821ecff1846e0f82e7401bef
results/revision_capacity_control/m2_m3_capacity_and_network_diagnostic.md,package,documentation,updated package file,1061,a5174115aa21a555ad0daa65e37e37e95ce110abfb8a1caede5204ebed224318
results/revision_capacity_control/q4_reproducibility_package_manifest.md,package,documentation,updated package file,3901,8b574d63887e28a0022cc672ef736382ccb2f81869be8b2d90d29cde031c6eb5
results/revision_capacity_control/q5_evidence_inventory_bias_summary.csv,package,documentation,updated package file,334,0bbf2ee2ccf4510fb221473819c803e84dfac299453ff2ded3b6cc29e69a0aea
results/revision_capacity_control/q5_evidence_inventory_bias_summary.md,package,documentation,updated package file,1412,290d1f5e6d5c9847daaf7c4455aa5a3430c284f09fe9969098f7764afb327c0f
results/revision_capacity_control/q5_evidence_inventory_with_road_bias_flags.csv,package,documentation,updated package file,6938,a40cb1688a59a4203e126eb1a3cea93e955f6302675f80dfa9106bf44dfd3673
results/revision_capacity_control/q6_figure_readability/embedded_figures_report.json,package,documentation,updated package file,1282,649e0a457cdfd75feb629023d0130f11057010b1508c332ae0db55663936578a
results/revision_capacity_control/q6_figure_readability/q6_revised_figures_report.json,package,documentation,updated package file,2354,e1d6b3d7a2bd77ee4e5f2e801c90d794ff53953f281cf1e5240e360162c94739
results/revision_capacity_control/q7_figure2_coordinate_check/figure2_coordinate_consistency_audit.csv,package,documentation,updated package file,638,4070a8cc8fce83dc3c30c028fa42e9d7ad7b9ec6c3211a41322ed9a89c922d75
results/revision_capacity_control/q7_figure2_coordinate_check/figure2_coordinate_consistency_audit.md,package,documentation,updated package file,705,3d81d960d0926456c9f7c55424a8c52627c507ff72b198b3c8d9eefd366bb37d
results/revision_capacity_control/reviewer2_capacity_response_draft.md,package,documentation,updated package file,6696,4030632ec74e5c05115e0430212a539e5ca6b4a4e78ee5784d4276a53de2f8dd
results/revision_capacity_control/reviewer_response_capacity_m3_draft.md,package,documentation,updated package file,13611,516154cd33cdd8ff10165430e3b2a47a4185502429d1e65dfce807811b44789d
results/revision_capacity_control/reviewer_response_capacity_m3_polished.md,package,documentation,updated package file,67269,06682f8494f1788f0ddf65689c82dcde823ef4c6c2284b34383776b00de8904c
results/revision_capacity_control/xiaozhai_capacity_control_summary.csv,package,documentation,updated package file,996,b0f0884076c197b00ecbfe06bf9901827f75397dac5f2ef9971df15b16217943
results/revision_capacity_control/xiaozhai_capacity_control_summary.md,package,documentation,updated package file,1329,ef0e426bebc2bf2439948eac02bd91fd4faa5364d551c2fbe4a7b7ab25858a8f
results/revision_capacity_control/xiaozhai_m3_capacity_sensitivity.csv,package,documentation,updated package file,686,2a4a74717f56dbafa37cf1ee42a6e746fdecfd73ee0137ce64de97df5a2ba9e1
results/revision_capacity_control/xiaozhai_m3_capacity_sensitivity.md,package,documentation,updated package file,639,70c20b2098c251c438d70dbbe16599506217b14dacda90cfd13a4da85f0c2861
results/revision_capacity_control/xiaozhai_outfall10m_m3_capacity_sensitivity.csv,package,documentation,updated package file,686,49357c9b4cbe1047bdd3e5adef1069f2b1948e13a5ba65b47bcb2541a3e4498d
results/revision_capacity_control/xiaozhai_outfall10m_m3_capacity_sensitivity.md,package,documentation,updated package file,639,b3cf211ae6166b2f9aea3ab478d2fdf95f26c316064084e62e0f82b5fc6805b6
results/revision_capacity_control/xiaozhai_outfall25m_m3_capacity_sensitivity.csv,package,documentation,updated package file,686,765b40126ffde6db44b2bbcf5b6242b77bfeeab55e9ed20e1bf4175faebc77af
results/revision_capacity_control/xiaozhai_outfall25m_m3_capacity_sensitivity.md,package,documentation,updated package file,639,bd608a38c0f8c88adf4ca4a28f05ba82540659f561659b22a1f7e4d8d2e1030c
results/revision_capacity_control/xiaozhai_outfall50m_m3_capacity_sensitivity.csv,package,documentation,updated package file,685,39b635fa71be30ba00815d42e1b0c5bcddceddc6bb3f2752d10af0ee51b839b7
results/revision_capacity_control/xiaozhai_outfall50m_m3_capacity_sensitivity.md,package,documentation,updated package file,638,930996004a289517f806978a6b42023a49e75ee8172a751ba80dab07df26010d
results/revision_capacity_control/xiaozhai_outfall_density_summary.csv,package,documentation,updated package file,798,7dfa8d9b8189118b5e0207fc9e9cd21e311945010eb9c62b471405e6cb869e94
results/revision_capacity_control/zhengzhou_capacity_control_summary.csv,package,documentation,updated package file,634,5f3bbf90afd98fff2f441e8127539c76cd0d3ba82f688f9ac4bd22be33af86f9
results/revision_capacity_control/zhengzhou_capacity_control_summary.md,package,documentation,updated package file,884,5ac2d95c31bef90aba3fb26428da812a9a3efc4e02ad3ff032f5c93196610ac3
results/revision_capacity_control/zhengzhou_outfall200m_m3_capacity_sensitivity.csv,package,documentation,updated package file,702,cce4c432b7b5483f6f183b60f26abaf8a9bf0a73647ddcc67d183f1393fa3cef
results/revision_capacity_control/zhengzhou_outfall200m_m3_capacity_sensitivity.md,package,documentation,updated package file,650,7f01e1dada8df691de56b0aa973a7ed6573a916cc20222ce094c872d731ecc0d
RUN_ORDER.md,package,documentation,updated package file,1261,dbefa187b9b8dd372c5f50f6eb7d7f5b116c8d5e965b7044b9cb307da5f19d4a
scripts/aggregate_model_support_to_grid.py,package,code/scripts,updated package file,13355,9e70b567e836401277b909c2aa40a81b34acf64e874b0d5aa62c384801e42c2c
scripts/build_ddsc_assessment_grid.py,package,code/scripts,updated package file,12690,c83cfa97a59fe25e777c76391ff01f13f9e021b6710c8f11d8e1fb26c99da762
scripts/build_generalized_sewer.py,package,code/scripts,updated package file,30646,80d989a14e0c184cd7c451ad2142dacad75a3f568ac82534530cdb5eb7d5451c
scripts/build_jh_reproducibility_package.py,package,code/scripts,updated package file,31365,e0e9caf9dad76a86c0c745411fef2f4f7e36c918c4102094e13b53afc739e616
scripts/build_public_evidence_matrix.py,package,code/scripts,updated package file,20626,887fb9c2cfd1a50869fd7639549cb6c1e62eab7dcdc2a21404328817b0f17394
scripts/build_revision_capacity_control_summary.py,package,code/scripts,updated package file,5327,c9c673903065e3f311e9c368606336a3172c845b92a736129bf8e0a07f8f6462
scripts/build_revision_capacity_diagnostic.py,package,code/scripts,updated package file,10856,fc052ff51c4d4844d1358db14479998ff997ba1394dfc1ef8433b0c2f7f9dabc
scripts/build_revision_mass_balance_tables.py,package,code/scripts,updated package file,6802,650aedb9dcc6a7fc75cdae60228f6603624e13bf3e0fb4b8adbfce42270cbf2f
scripts/build_top_journal_manuscript_package.py,package,code/scripts,updated package file,25385,fd925b8561387d237cce9b71b1e6891362b889a90c59e94087c9de112e0097ce
scripts/build_uhsm.py,package,code/scripts,updated package file,32396,ef8b70ed6e0cf8eac9bc47f5dc36acb608758a865b6109e7a64d0f71cce0a392
scripts/build_zhengzhou720_candidate_point_model_agreement.py,package,code/scripts,updated package file,13529,089f0d74317d24e40f805915a46ec87e2417353126f22f36909f25cfc0b92ae0
scripts/build_zhengzhou720_candidate_screening.py,package,code/scripts,updated package file,19577,0d1eeea06a96e9892c3c9e52f7af84708667db55a58f25e645cafb578e7d6074
scripts/build_zhengzhou720_event_inputs.py,package,code/scripts,updated package file,15631,7182c0b3907c533ac6a188a520db831ffbdb2b0ec8b7d62ac773fe00c36138b8
scripts/chapter2_standardize.py,package,code/scripts,updated package file,31914,abda17be52e36154a0255f9f929f0efc782693c43e1c65dc90148ca3f72e4c12
scripts/import_sentinel1_exports_to_ddsc.py,package,code/scripts,updated package file,10938,827154c8fda23161164700d8c99fb210d0fc13fa15d17f60efe8f0f470f93fcc
scripts/package_chapter2_results.py,package,code/scripts,updated package file,27912,62c781c4b1cc328d7c2bbf29c725c70bf43860f3b8039ce69c733916b6076981
scripts/plot_results_4_1_public_data_inputs.py,package,code/scripts,updated package file,11122,345f21c5a1dff3be9d7837ac3eda0f16d1bfc65501584b331ddeb5acc2e899b7
scripts/plot_results_4_2_1_uhsm_effect.py,package,code/scripts,updated package file,13036,ccacc5fa2fa80c5d784ae05e458b4ec5e68bd56471cb42e27ccaf167da739e8c
scripts/plot_results_4_2_1_uhsm_effect_2x2_zoom_cellwise.py,package,code/scripts,updated package file,12091,629300d2a920fbafecefd2b9d81e61523624b86dd48dbe3859b6c438f6cafc81
scripts/plot_results_4_2_2_drainage_representation.py,package,code/scripts,updated package file,13294,830d998ffac1d82e1bb1a7f6decc35578b1a1c15929fa3d24e5313239933f700
scripts/plot_results_4_3_public_evidence_credibility.py,package,code/scripts,updated package file,14749,b0df49defeac82df457c312d64d41fc18d92bc7a043c14d9e0b26764bea776e1
scripts/plot_results_4_4_1_sensitivity_uncertainty.py,package,code/scripts,updated package file,13424,69d40ca793e2bb91059a40e2bb0ad7e5e1c25588b94f69b7e79489b2f3000b70
scripts/plot_results_4_4_2_cross_city_reproducibility.py,package,code/scripts,updated package file,22058,2dedcf55451fa74c46bda9a7337bdd5571a013e8d6ff740cac7355530d5dbaf8
scripts/prepare_base_data.py,package,code/scripts,updated package file,18028,cb1bf16bfc4a5e3132553662d9c7be582d79f4d1a48065090b48ea1f9b44c7cd
scripts/prepare_revision_capacity_control_inputs.py,package,code/scripts,updated package file,13443,f80a50534644807a7405e4cfdfd2e33ff3cf01e437cb231836b0907674381766
scripts/prepare_revision_outfall_sensitivity_inputs.py,package,code/scripts,updated package file,3568,f07c5639b63a252089adb45e432520ce2ca70cd6e64daf679fe5398c81f37cff
scripts/prepare_zhengzhou720_public_data.py,package,code/scripts,updated package file,9906,673bebb1848a2c6bb52051d8f4d06ab4d6e56998c35d8c8c3e85ffe200ff63e1
scripts/promote_reviewed_public_evidence.py,package,code/scripts,updated package file,10481,d6bddb9eff85a09acc2d857533c2b3e8369c7e3b32f1dcc0b4a9bcf20bf7f4ec
scripts/run_control_model_comparison.py,package,code/scripts,updated package file,43856,7755aa455e3b93135f9efa3f7cb7240ae6a82d211aad34113386685b116deeae
scripts/run_ddsc_credibility_assessment.py,package,code/scripts,updated package file,16901,c0e2eab9b45fa1363891385aab25dca734fcf24a701239d1032813484f76848b
scripts/run_revision_capacity_sensitivity.py,package,code/scripts,updated package file,9948,6d0b5f29fbf7ad465f9091ba571fec1cd1c09c20430961b857ec0d25f70e4700
scripts/run_revision_m2_capacity_control.py,package,code/scripts,updated package file,2767,da87524522b1f656bed617cc9b2b2bbd54be4601960e4cbe6e65a0ed85f2f9ad
scripts/run_revision_mass_balance_case.py,package,code/scripts,updated package file,3232,e27f510dfa8e1a08a6a09c3c69a41c48a5f656a6a71ff4195696b7be7774819e
scripts/run_zhengzhou720_event_replay.py,package,code/scripts,updated package file,12657,a8c541ac8db63e7e3b4d0d9266fb33f99668cf07bcfad92a469ccd5a6492ee3a
